ticker,status,priority
GLTO,NOT_DOWNLOADED,HIGH
SRZN,NOT_DOWNLOADED,HIGH
BLUW,NOT_DOWNLOADED,HIGH
BOF,NOT_DOWNLOADED,HIGH
RPGL,NOT_DOWNLOADED,HIGH
HGBL,NOT_DOWNLOADED,HIGH
HSDT,NOT_DOWNLOADED,HIGH
WEST,NOT_DOWNLOADED,HIGH
PASW,NOT_DOWNLOADED,HIGH
DHAI,NOT_DOWNLOADED,HIGH
SJT,NOT_DOWNLOADED,HIGH
ASTL,NOT_DOWNLOADED,HIGH
JCAP,NOT_DOWNLOADED,HIGH
VRE,NOT_DOWNLOADED,HIGH
HCAT,NOT_DOWNLOADED,HIGH
SIDU,NOT_DOWNLOADED,HIGH
DTSS,NOT_DOWNLOADED,HIGH
OPY,NOT_DOWNLOADED,HIGH
NVNI,NOT_DOWNLOADED,HIGH
TKNO,NOT_DOWNLOADED,HIGH
SSII,NOT_DOWNLOADED,HIGH
PAHC,NOT_DOWNLOADED,HIGH
NFBK,NOT_DOWNLOADED,HIGH
SGBX,NOT_DOWNLOADED,HIGH
LIQT,NOT_DOWNLOADED,HIGH
NRIX,NOT_DOWNLOADED,HIGH
MYSE,NOT_DOWNLOADED,HIGH
UPXI,NOT_DOWNLOADED,HIGH
AQB,NOT_DOWNLOADED,HIGH
BBOT,NOT_DOWNLOADED,HIGH
CVKD,NOT_DOWNLOADED,HIGH
BJRI,NOT_DOWNLOADED,HIGH
CYCN,NOT_DOWNLOADED,HIGH
LVTX,NOT_DOWNLOADED,HIGH
EKSO,NOT_DOWNLOADED,HIGH
RBNE,NOT_DOWNLOADED,HIGH
VET,NOT_DOWNLOADED,HIGH
TWIN,NOT_DOWNLOADED,HIGH
BKHA,NOT_DOWNLOADED,HIGH
INHD,NOT_DOWNLOADED,HIGH
DMAA,NOT_DOWNLOADED,HIGH
CBIO,NOT_DOWNLOADED,HIGH
CGBD,NOT_DOWNLOADED,HIGH
WTI,NOT_DOWNLOADED,HIGH
COCH,NOT_DOWNLOADED,HIGH
BEAG,NOT_DOWNLOADED,HIGH
TCRX,NOT_DOWNLOADED,HIGH
RIME,NOT_DOWNLOADED,HIGH
III,NOT_DOWNLOADED,HIGH
AGRI,NOT_DOWNLOADED,HIGH
SMXT,NOT_DOWNLOADED,HIGH
AGRO,NOT_DOWNLOADED,HIGH
CXM,NOT_DOWNLOADED,HIGH
ACVA,NOT_DOWNLOADED,HIGH
MFI,NOT_DOWNLOADED,HIGH
WHG,NOT_DOWNLOADED,HIGH
ZNB,NOT_DOWNLOADED,HIGH
PKOH,NOT_DOWNLOADED,HIGH
ELAB,NOT_DOWNLOADED,HIGH
TVRD,NOT_DOWNLOADED,HIGH
PGAC,NOT_DOWNLOADED,HIGH
RHLD,NOT_DOWNLOADED,HIGH
LGCB,NOT_DOWNLOADED,HIGH
EHLD,NOT_DOWNLOADED,HIGH
ZEUS,NOT_DOWNLOADED,HIGH
USEA,NOT_DOWNLOADED,HIGH
BZFD,NOT_DOWNLOADED,HIGH
DHX,NOT_DOWNLOADED,HIGH
PHLT,NOT_DOWNLOADED,HIGH
MHUA,NOT_DOWNLOADED,HIGH
PGEN,NOT_DOWNLOADED,HIGH
UBXG,NOT_DOWNLOADED,HIGH
ENGN,NOT_DOWNLOADED,HIGH
FAMI,NOT_DOWNLOADED,HIGH
DX,NOT_DOWNLOADED,HIGH
BTE,NOT_DOWNLOADED,HIGH
ANNX,NOT_DOWNLOADED,HIGH
HYFT,NOT_DOWNLOADED,HIGH
PSNY,NOT_DOWNLOADED,HIGH
MMI,NOT_DOWNLOADED,HIGH
LFST,NOT_DOWNLOADED,HIGH
NOTE,NOT_DOWNLOADED,HIGH
FLUX,NOT_DOWNLOADED,HIGH
AMBQ,NOT_DOWNLOADED,HIGH
SHCO,NOT_DOWNLOADED,HIGH
GSBC,NOT_DOWNLOADED,HIGH
TDOC,NOT_DOWNLOADED,HIGH
CTRI,NOT_DOWNLOADED,HIGH
ISSC,NOT_DOWNLOADED,HIGH
ULBI,NOT_DOWNLOADED,HIGH
PAVM,NOT_DOWNLOADED,HIGH
NFE,NOT_DOWNLOADED,HIGH
XBIT,NOT_DOWNLOADED,HIGH
STGW,NOT_DOWNLOADED,HIGH
IBTA,NOT_DOWNLOADED,HIGH
ACON,NOT_DOWNLOADED,HIGH
ICCC,NOT_DOWNLOADED,HIGH
DTIL,NOT_DOWNLOADED,HIGH
BLNE,NOT_DOWNLOADED,HIGH
HFFG,NOT_DOWNLOADED,HIGH
CLMT,NOT_DOWNLOADED,HIGH
SFST,NOT_DOWNLOADED,HIGH
CCSI,NOT_DOWNLOADED,HIGH
SPKL,NOT_DOWNLOADED,HIGH
APLT,NOT_DOWNLOADED,HIGH
CODA,NOT_DOWNLOADED,HIGH
ALZN,NOT_DOWNLOADED,HIGH
ULH,NOT_DOWNLOADED,HIGH
ANIK,NOT_DOWNLOADED,HIGH
UTSI,NOT_DOWNLOADED,HIGH
TZUP,NOT_DOWNLOADED,HIGH
BTAI,NOT_DOWNLOADED,HIGH
GIGM,NOT_DOWNLOADED,HIGH
CWCO,NOT_DOWNLOADED,HIGH
WPRT,NOT_DOWNLOADED,HIGH
SPRU,NOT_DOWNLOADED,HIGH
KFFB,NOT_DOWNLOADED,HIGH
IOSP,NOT_DOWNLOADED,HIGH
MGX,NOT_DOWNLOADED,HIGH
MBBC,NOT_DOWNLOADED,HIGH
CAMP,NOT_DOWNLOADED,HIGH
GMHS,NOT_DOWNLOADED,HIGH
STAI,NOT_DOWNLOADED,HIGH
SCYX,NOT_DOWNLOADED,HIGH
EGY,NOT_DOWNLOADED,HIGH
SMSI,NOT_DOWNLOADED,HIGH
DFIN,NOT_DOWNLOADED,HIGH
MLTX,NOT_DOWNLOADED,HIGH
ARL,NOT_DOWNLOADED,HIGH
ANRO,NOT_DOWNLOADED,HIGH
ABCL,NOT_DOWNLOADED,HIGH
TRTX,NOT_DOWNLOADED,HIGH
ASRT,NOT_DOWNLOADED,HIGH
MIGI,NOT_DOWNLOADED,HIGH
CEPF,NOT_DOWNLOADED,HIGH
BFS,NOT_DOWNLOADED,HIGH
CXDO,NOT_DOWNLOADED,HIGH
CLRB,NOT_DOWNLOADED,HIGH
GAIN,NOT_DOWNLOADED,HIGH
TLSI,NOT_DOWNLOADED,HIGH
CMTL,NOT_DOWNLOADED,HIGH
SWKH,NOT_DOWNLOADED,HIGH
HMN,NOT_DOWNLOADED,HIGH
CTOS,NOT_DOWNLOADED,HIGH
BON,NOT_DOWNLOADED,HIGH
PNBK,NOT_DOWNLOADED,HIGH
FF,NOT_DOWNLOADED,HIGH
KMRK,NOT_DOWNLOADED,HIGH
MGIC,NOT_DOWNLOADED,HIGH
THR,NOT_DOWNLOADED,HIGH
ADTN,NOT_DOWNLOADED,HIGH
WHF,NOT_DOWNLOADED,HIGH
TROO,NOT_DOWNLOADED,HIGH
GCI,NOT_DOWNLOADED,HIGH
FTHM,NOT_DOWNLOADED,HIGH
TELO,NOT_DOWNLOADED,HIGH
AIFU,NOT_DOWNLOADED,HIGH
SLVM,NOT_DOWNLOADED,HIGH
TYGO,NOT_DOWNLOADED,HIGH
SLRC,NOT_DOWNLOADED,HIGH
OBLG,NOT_DOWNLOADED,HIGH
FBLG,NOT_DOWNLOADED,HIGH
SB,NOT_DOWNLOADED,HIGH
EVLV,NOT_DOWNLOADED,HIGH
CLDX,NOT_DOWNLOADED,HIGH
GHLD,NOT_DOWNLOADED,HIGH
ATHA,NOT_DOWNLOADED,HIGH
DEC,NOT_DOWNLOADED,HIGH
AYTU,NOT_DOWNLOADED,HIGH
HY,NOT_DOWNLOADED,HIGH
VMD,NOT_DOWNLOADED,HIGH
GANX,NOT_DOWNLOADED,HIGH
GLIBK,NOT_DOWNLOADED,HIGH
PSEC,NOT_DOWNLOADED,HIGH
ACB,NOT_DOWNLOADED,HIGH
BCAX,NOT_DOWNLOADED,HIGH
TAOX,NOT_DOWNLOADED,HIGH
DSWL,NOT_DOWNLOADED,HIGH
ALOT,NOT_DOWNLOADED,HIGH
FGEN,NOT_DOWNLOADED,HIGH
PRLB,NOT_DOWNLOADED,HIGH
SLDE,NOT_DOWNLOADED,HIGH
NAOV,NOT_DOWNLOADED,HIGH
MSW,NOT_DOWNLOADED,HIGH
CLAR,NOT_DOWNLOADED,HIGH
OCGN,NOT_DOWNLOADED,HIGH
BHVN,NOT_DOWNLOADED,HIGH
TRNR,NOT_DOWNLOADED,HIGH
CFFI,NOT_DOWNLOADED,HIGH
LZMH,NOT_DOWNLOADED,HIGH
ORIS,NOT_DOWNLOADED,HIGH
CEP,NOT_DOWNLOADED,HIGH
SCHL,NOT_DOWNLOADED,HIGH
IOVA,NOT_DOWNLOADED,HIGH
RCT,NOT_DOWNLOADED,HIGH
LAES,NOT_DOWNLOADED,HIGH
MBAV,NOT_DOWNLOADED,HIGH
GSIT,NOT_DOWNLOADED,HIGH
MKDW,NOT_DOWNLOADED,HIGH
NOA,NOT_DOWNLOADED,HIGH
NUAI,NOT_DOWNLOADED,HIGH
KROS,NOT_DOWNLOADED,HIGH
HSPT,NOT_DOWNLOADED,HIGH
ENTO,NOT_DOWNLOADED,HIGH
SXTP,NOT_DOWNLOADED,HIGH
CLOV,NOT_DOWNLOADED,HIGH
CNTB,NOT_DOWNLOADED,HIGH
CISS,NOT_DOWNLOADED,HIGH
QLGN,NOT_DOWNLOADED,HIGH
HBB,NOT_DOWNLOADED,HIGH
WCT,NOT_DOWNLOADED,HIGH
LTBR,NOT_DOWNLOADED,HIGH
MERC,NOT_DOWNLOADED,HIGH
PRPL,NOT_DOWNLOADED,HIGH
SCS,NOT_DOWNLOADED,HIGH
MLNK,NOT_DOWNLOADED,HIGH
FGL,NOT_DOWNLOADED,HIGH
GWH,NOT_DOWNLOADED,HIGH
DMRC,NOT_DOWNLOADED,HIGH
WINA,NOT_DOWNLOADED,HIGH
PRE,NOT_DOWNLOADED,HIGH
TNMG,NOT_DOWNLOADED,HIGH
FSUN,NOT_DOWNLOADED,HIGH
FUFU,NOT_DOWNLOADED,HIGH
CYD,NOT_DOWNLOADED,HIGH
WVE,NOT_DOWNLOADED,HIGH
CPZ,NOT_DOWNLOADED,HIGH
PPSI,NOT_DOWNLOADED,HIGH
SPRC,NOT_DOWNLOADED,HIGH
IVDA,NOT_DOWNLOADED,HIGH
ADTX,NOT_DOWNLOADED,HIGH
SUIG,NOT_DOWNLOADED,HIGH
LVRO,NOT_DOWNLOADED,HIGH
GLUE,NOT_DOWNLOADED,HIGH
XTKG,NOT_DOWNLOADED,HIGH
BODI,NOT_DOWNLOADED,HIGH
ALUR,NOT_DOWNLOADED,HIGH
ELME,NOT_DOWNLOADED,HIGH
AMCX,NOT_DOWNLOADED,HIGH
NETD,NOT_DOWNLOADED,HIGH
RZLT,NOT_DOWNLOADED,HIGH
OXLC,NOT_DOWNLOADED,HIGH
RAC,NOT_DOWNLOADED,HIGH
DRUG,NOT_DOWNLOADED,HIGH
LUNG,NOT_DOWNLOADED,HIGH
MLEC,NOT_DOWNLOADED,HIGH
BIVI,NOT_DOWNLOADED,HIGH
EPSM,NOT_DOWNLOADED,HIGH
AROW,NOT_DOWNLOADED,HIGH
ORKA,NOT_DOWNLOADED,HIGH
KBSX,NOT_DOWNLOADED,HIGH
RDWR,NOT_DOWNLOADED,HIGH
JJSF,NOT_DOWNLOADED,HIGH
SBXD,NOT_DOWNLOADED,HIGH
DOMO,NOT_DOWNLOADED,HIGH
RDZN,NOT_DOWNLOADED,HIGH
ALBT,NOT_DOWNLOADED,HIGH
RXST,NOT_DOWNLOADED,HIGH
CETY,NOT_DOWNLOADED,HIGH
ALXO,NOT_DOWNLOADED,HIGH
GOOS,NOT_DOWNLOADED,HIGH
AMPY,NOT_DOWNLOADED,HIGH
LUCK,NOT_DOWNLOADED,HIGH
RMCF,NOT_DOWNLOADED,HIGH
EZPW,NOT_DOWNLOADED,HIGH
NTRP,NOT_DOWNLOADED,HIGH
VSEE,NOT_DOWNLOADED,HIGH
TSE,NOT_DOWNLOADED,HIGH
OPRX,NOT_DOWNLOADED,HIGH
STEL,NOT_DOWNLOADED,HIGH
HCTI,NOT_DOWNLOADED,HIGH
RRGB,NOT_DOWNLOADED,HIGH
EVAC,NOT_DOWNLOADED,HIGH
NXTC,NOT_DOWNLOADED,HIGH
PTHL,NOT_DOWNLOADED,HIGH
AMIX,NOT_DOWNLOADED,HIGH
POLA,NOT_DOWNLOADED,HIGH
CCLD,NOT_DOWNLOADED,HIGH
AKA,NOT_DOWNLOADED,HIGH
CPHC,NOT_DOWNLOADED,HIGH
ANIX,NOT_DOWNLOADED,HIGH
ROG,NOT_DOWNLOADED,HIGH
UG,NOT_DOWNLOADED,HIGH
NAT,NOT_DOWNLOADED,HIGH
CARV,NOT_DOWNLOADED,HIGH
BTQ,NOT_DOWNLOADED,HIGH
PPIH,NOT_DOWNLOADED,HIGH
YIBO,NOT_DOWNLOADED,HIGH
VS,NOT_DOWNLOADED,HIGH
ESGL,NOT_DOWNLOADED,HIGH
SENEA,NOT_DOWNLOADED,HIGH
CELU,NOT_DOWNLOADED,HIGH
ETD,NOT_DOWNLOADED,HIGH
VSTM,NOT_DOWNLOADED,HIGH
SRTS,NOT_DOWNLOADED,HIGH
SEG,NOT_DOWNLOADED,HIGH
SEVN,NOT_DOWNLOADED,HIGH
FBYD,NOT_DOWNLOADED,HIGH
TH,NOT_DOWNLOADED,HIGH
BETR,NOT_DOWNLOADED,HIGH
ARKO,NOT_DOWNLOADED,HIGH
INVA,NOT_DOWNLOADED,HIGH
QNCX,NOT_DOWNLOADED,HIGH
ANAB,NOT_DOWNLOADED,HIGH
NIVF,NOT_DOWNLOADED,HIGH
CCAP,NOT_DOWNLOADED,HIGH
SPCE,NOT_DOWNLOADED,HIGH
OCS,NOT_DOWNLOADED,HIGH
LGHL,NOT_DOWNLOADED,HIGH
ASST,NOT_DOWNLOADED,HIGH
FBLA,NOT_DOWNLOADED,HIGH
HCMA,NOT_DOWNLOADED,HIGH
FUBO,NOT_DOWNLOADED,HIGH
PLUR,NOT_DOWNLOADED,HIGH
QUAD,NOT_DOWNLOADED,HIGH
SWAG,NOT_DOWNLOADED,HIGH
WVVI,NOT_DOWNLOADED,HIGH
IBG,NOT_DOWNLOADED,HIGH
NWPX,NOT_DOWNLOADED,HIGH
CHMI,NOT_DOWNLOADED,HIGH
DGICB,NOT_DOWNLOADED,HIGH
CGNT,NOT_DOWNLOADED,HIGH
XBIO,NOT_DOWNLOADED,HIGH
CBRL,NOT_DOWNLOADED,HIGH
IVR,NOT_DOWNLOADED,HIGH
FDBC,NOT_DOWNLOADED,HIGH
LYRA,NOT_DOWNLOADED,HIGH
NGS,NOT_DOWNLOADED,HIGH
BNBX,NOT_DOWNLOADED,HIGH
CPSS,NOT_DOWNLOADED,HIGH
BNED,NOT_DOWNLOADED,HIGH
ATON,NOT_DOWNLOADED,HIGH
CISO,NOT_DOWNLOADED,HIGH
SSKN,NOT_DOWNLOADED,HIGH
INDI,NOT_DOWNLOADED,HIGH
DFLI,NOT_DOWNLOADED,HIGH
CUE,NOT_DOWNLOADED,HIGH
KYTX,NOT_DOWNLOADED,HIGH
HBNC,NOT_DOWNLOADED,HIGH
AMST,NOT_DOWNLOADED,HIGH
VIVK,NOT_DOWNLOADED,HIGH
SRCE,NOT_DOWNLOADED,HIGH
KORE,NOT_DOWNLOADED,HIGH
AREC,NOT_DOWNLOADED,HIGH
GNE,NOT_DOWNLOADED,HIGH
SSP,NOT_DOWNLOADED,HIGH
STRR,NOT_DOWNLOADED,HIGH
ZEO,NOT_DOWNLOADED,HIGH
IPST,NOT_DOWNLOADED,HIGH
FTFT,NOT_DOWNLOADED,HIGH
ADN,NOT_DOWNLOADED,HIGH
PARR,NOT_DOWNLOADED,HIGH
SOWG,NOT_DOWNLOADED,HIGH
MNY,NOT_DOWNLOADED,HIGH
NNOX,NOT_DOWNLOADED,HIGH
GSUN,NOT_DOWNLOADED,HIGH
RAIL,NOT_DOWNLOADED,HIGH
SOHO,NOT_DOWNLOADED,HIGH
VBTX,NOT_DOWNLOADED,HIGH
CREV,NOT_DOWNLOADED,HIGH
LSE,NOT_DOWNLOADED,HIGH
OFG,NOT_DOWNLOADED,HIGH
NIXX,NOT_DOWNLOADED,HIGH
NBN,NOT_DOWNLOADED,HIGH
CMCT,NOT_DOWNLOADED,HIGH
EZGO,NOT_DOWNLOADED,HIGH
OMH,NOT_DOWNLOADED,HIGH
LPRO,NOT_DOWNLOADED,HIGH
FAT,NOT_DOWNLOADED,HIGH
AEMD,NOT_DOWNLOADED,HIGH
ASTI,NOT_DOWNLOADED,HIGH
QCLS,NOT_DOWNLOADED,HIGH
VERI,NOT_DOWNLOADED,HIGH
ALGS,NOT_DOWNLOADED,HIGH
DSX,NOT_DOWNLOADED,HIGH
HUDI,NOT_DOWNLOADED,HIGH
AVD,NOT_DOWNLOADED,HIGH
HVII,NOT_DOWNLOADED,HIGH
GBIO,NOT_DOWNLOADED,HIGH
PKBK,NOT_DOWNLOADED,HIGH
CLFD,NOT_DOWNLOADED,HIGH
FNKO,NOT_DOWNLOADED,HIGH
PLMK,NOT_DOWNLOADED,HIGH
NTWK,NOT_DOWNLOADED,HIGH
JBGS,NOT_DOWNLOADED,HIGH
ZJYL,NOT_DOWNLOADED,HIGH
QTRX,NOT_DOWNLOADED,HIGH
ARCT,NOT_DOWNLOADED,HIGH
ISPC,NOT_DOWNLOADED,HIGH
KALU,NOT_DOWNLOADED,HIGH
MPAA,NOT_DOWNLOADED,HIGH
DFDV,NOT_DOWNLOADED,HIGH
KELYA,NOT_DOWNLOADED,HIGH
FUND,NOT_DOWNLOADED,HIGH
NTWO,NOT_DOWNLOADED,HIGH
YTRA,NOT_DOWNLOADED,HIGH
PYPD,NOT_DOWNLOADED,HIGH
NGVT,NOT_DOWNLOADED,HIGH
NTIC,NOT_DOWNLOADED,HIGH
HCSG,NOT_DOWNLOADED,HIGH
BH,NOT_DOWNLOADED,HIGH
OVID,NOT_DOWNLOADED,HIGH
ATEX,NOT_DOWNLOADED,HIGH
PMTS,NOT_DOWNLOADED,HIGH
GSBD,NOT_DOWNLOADED,HIGH
UCTT,NOT_DOWNLOADED,HIGH
SGMO,NOT_DOWNLOADED,HIGH
WMK,NOT_DOWNLOADED,HIGH
RAIN,NOT_DOWNLOADED,HIGH
INMD,NOT_DOWNLOADED,HIGH
ARQQ,NOT_DOWNLOADED,HIGH
MACI,NOT_DOWNLOADED,HIGH
SERV,NOT_DOWNLOADED,HIGH
AFJK,NOT_DOWNLOADED,HIGH
BSVN,NOT_DOWNLOADED,HIGH
TENX,NOT_DOWNLOADED,HIGH
LEE,NOT_DOWNLOADED,HIGH
IPCX,NOT_DOWNLOADED,HIGH
MODG,NOT_DOWNLOADED,HIGH
ECDA,NOT_DOWNLOADED,HIGH
SKYT,NOT_DOWNLOADED,HIGH
PDFS,NOT_DOWNLOADED,HIGH
VLN,NOT_DOWNLOADED,HIGH
VTVT,NOT_DOWNLOADED,HIGH
GTERA,NOT_DOWNLOADED,HIGH
ROOT,NOT_DOWNLOADED,HIGH
OM,NOT_DOWNLOADED,HIGH
BLFY,NOT_DOWNLOADED,HIGH
CTMX,NOT_DOWNLOADED,HIGH
EVTV,NOT_DOWNLOADED,HIGH
NTGR,NOT_DOWNLOADED,HIGH
CGEN,NOT_DOWNLOADED,HIGH
FATE,NOT_DOWNLOADED,HIGH
ALNT,NOT_DOWNLOADED,HIGH
LOCL,NOT_DOWNLOADED,HIGH
HUHU,NOT_DOWNLOADED,HIGH
PRZO,NOT_DOWNLOADED,HIGH
PSIG,NOT_DOWNLOADED,HIGH
PACK,NOT_DOWNLOADED,HIGH
PFLT,NOT_DOWNLOADED,HIGH
RGP,NOT_DOWNLOADED,HIGH
EWCZ,NOT_DOWNLOADED,HIGH
BRCB,NOT_DOWNLOADED,HIGH
OKUR,NOT_DOWNLOADED,HIGH
JCSE,NOT_DOWNLOADED,HIGH
FOA,NOT_DOWNLOADED,HIGH
COOK,NOT_DOWNLOADED,HIGH
PBPB,NOT_DOWNLOADED,HIGH
MDIA,NOT_DOWNLOADED,HIGH
LNSR,NOT_DOWNLOADED,HIGH
CLWT,NOT_DOWNLOADED,HIGH
LOAN,NOT_DOWNLOADED,HIGH
SPEG,NOT_DOWNLOADED,HIGH
EFXT,NOT_DOWNLOADED,HIGH
PGRE,NOT_DOWNLOADED,HIGH
NDRA,NOT_DOWNLOADED,HIGH
HPK,NOT_DOWNLOADED,HIGH
GDC,NOT_DOWNLOADED,HIGH
TCMD,NOT_DOWNLOADED,HIGH
CDXS,NOT_DOWNLOADED,HIGH
NHIC,NOT_DOWNLOADED,HIGH
VIRC,NOT_DOWNLOADED,HIGH
OKYO,NOT_DOWNLOADED,HIGH
ARI,NOT_DOWNLOADED,HIGH
PHAT,NOT_DOWNLOADED,HIGH
LYTS,NOT_DOWNLOADED,HIGH
HNST,NOT_DOWNLOADED,HIGH
CRGO,NOT_DOWNLOADED,HIGH
WLKP,NOT_DOWNLOADED,HIGH
MNMD,NOT_DOWNLOADED,HIGH
AWRE,NOT_DOWNLOADED,HIGH
ASPC,NOT_DOWNLOADED,HIGH
ALTI,NOT_DOWNLOADED,HIGH
LPAA,NOT_DOWNLOADED,HIGH
BIOX,NOT_DOWNLOADED,HIGH
FBRT,NOT_DOWNLOADED,HIGH
NRDS,NOT_DOWNLOADED,HIGH
IDT,NOT_DOWNLOADED,HIGH
SGMT,NOT_DOWNLOADED,HIGH
ZVRA,NOT_DOWNLOADED,HIGH
KRUS,NOT_DOWNLOADED,HIGH
MLGO,NOT_DOWNLOADED,HIGH
FDMT,NOT_DOWNLOADED,HIGH
YAAS,NOT_DOWNLOADED,HIGH
HTLM,NOT_DOWNLOADED,HIGH
ZVIA,NOT_DOWNLOADED,HIGH
CHW,NOT_DOWNLOADED,HIGH
LDI,NOT_DOWNLOADED,HIGH
KOD,NOT_DOWNLOADED,HIGH
HLLY,NOT_DOWNLOADED,HIGH
IRD,NOT_DOWNLOADED,HIGH
GOVX,NOT_DOWNLOADED,HIGH
SXTC,NOT_DOWNLOADED,HIGH
ZJK,NOT_DOWNLOADED,HIGH
MAPS,NOT_DOWNLOADED,HIGH
MG,NOT_DOWNLOADED,HIGH
THH,NOT_DOWNLOADED,HIGH
SATL,NOT_DOWNLOADED,HIGH
GORV,NOT_DOWNLOADED,HIGH
XXII,NOT_DOWNLOADED,HIGH
TLYS,NOT_DOWNLOADED,HIGH
TBRG,NOT_DOWNLOADED,HIGH
EVTC,NOT_DOWNLOADED,HIGH
KARO,NOT_DOWNLOADED,HIGH
BDTX,NOT_DOWNLOADED,HIGH
RNAZ,NOT_DOWNLOADED,HIGH
MEC,NOT_DOWNLOADED,HIGH
EHAB,NOT_DOWNLOADED,HIGH
BSAA,NOT_DOWNLOADED,HIGH
CRON,NOT_DOWNLOADED,HIGH
ARBE,NOT_DOWNLOADED,HIGH
NDLS,NOT_DOWNLOADED,HIGH
ABAT,NOT_DOWNLOADED,HIGH
FIHL,NOT_DOWNLOADED,HIGH
TRIN,NOT_DOWNLOADED,HIGH
PHR,NOT_DOWNLOADED,HIGH
CCTG,NOT_DOWNLOADED,HIGH
YDES,NOT_DOWNLOADED,HIGH
CYRX,NOT_DOWNLOADED,HIGH
NREF,NOT_DOWNLOADED,HIGH
NAKA,NOT_DOWNLOADED,HIGH
UTL,NOT_DOWNLOADED,HIGH
BBSI,NOT_DOWNLOADED,HIGH
MSDL,NOT_DOWNLOADED,HIGH
ZKIN,NOT_DOWNLOADED,HIGH
CBAT,NOT_DOWNLOADED,HIGH
PRFX,NOT_DOWNLOADED,HIGH
KG,NOT_DOWNLOADED,HIGH
INBS,NOT_DOWNLOADED,HIGH
ALCO,NOT_DOWNLOADED,HIGH
APWC,NOT_DOWNLOADED,HIGH
GIBO,NOT_DOWNLOADED,HIGH
FENC,NOT_DOWNLOADED,HIGH
TECX,NOT_DOWNLOADED,HIGH
LWAY,NOT_DOWNLOADED,HIGH
AXL,NOT_DOWNLOADED,HIGH
FBNC,NOT_DOWNLOADED,HIGH
TROX,NOT_DOWNLOADED,HIGH
EEX,NOT_DOWNLOADED,HIGH
SNCY,NOT_DOWNLOADED,HIGH
KNDI,NOT_DOWNLOADED,HIGH
TCI,NOT_DOWNLOADED,HIGH
DLPN,NOT_DOWNLOADED,HIGH
HELE,NOT_DOWNLOADED,HIGH
SDA,NOT_DOWNLOADED,HIGH
LSTA,NOT_DOWNLOADED,HIGH
HLMN,NOT_DOWNLOADED,HIGH
CAPN,NOT_DOWNLOADED,HIGH
MBIN,NOT_DOWNLOADED,HIGH
EVGN,NOT_DOWNLOADED,HIGH
MSGY,NOT_DOWNLOADED,HIGH
EVOK,NOT_DOWNLOADED,HIGH
JRVR,NOT_DOWNLOADED,HIGH
QRHC,NOT_DOWNLOADED,HIGH
FDUS,NOT_DOWNLOADED,HIGH
BOLD,NOT_DOWNLOADED,HIGH
FTRE,NOT_DOWNLOADED,HIGH
RCKT,NOT_DOWNLOADED,HIGH
ATII,NOT_DOWNLOADED,HIGH
RBKB,NOT_DOWNLOADED,HIGH
TUSK,NOT_DOWNLOADED,HIGH
VVOS,NOT_DOWNLOADED,HIGH
AXR,NOT_DOWNLOADED,HIGH
JELD,NOT_DOWNLOADED,HIGH
SDOT,NOT_DOWNLOADED,HIGH
DRTS,NOT_DOWNLOADED,HIGH
DAIC,NOT_DOWNLOADED,HIGH
SONN,NOT_DOWNLOADED,HIGH
OCSL,NOT_DOWNLOADED,HIGH
HYFM,NOT_DOWNLOADED,HIGH
GROV,NOT_DOWNLOADED,HIGH
MPB,NOT_DOWNLOADED,HIGH
BYND,NOT_DOWNLOADED,HIGH
WRAP,NOT_DOWNLOADED,HIGH
FOXX,NOT_DOWNLOADED,HIGH
SRTA,NOT_DOWNLOADED,HIGH
BLIV,NOT_DOWNLOADED,HIGH
LUCD,NOT_DOWNLOADED,HIGH
IIPR,NOT_DOWNLOADED,HIGH
BFRI,NOT_DOWNLOADED,HIGH
BKSY,NOT_DOWNLOADED,HIGH
CDRO,NOT_DOWNLOADED,HIGH
WS,NOT_DOWNLOADED,HIGH
OMCL,NOT_DOWNLOADED,HIGH
ONMD,NOT_DOWNLOADED,HIGH
KELYB,NOT_DOWNLOADED,HIGH
AMN,NOT_DOWNLOADED,HIGH
AIHS,NOT_DOWNLOADED,HIGH
BV,NOT_DOWNLOADED,HIGH
MTX,NOT_DOWNLOADED,HIGH
OLP,NOT_DOWNLOADED,HIGH
VECO,NOT_DOWNLOADED,HIGH
BHAT,NOT_DOWNLOADED,HIGH
CULP,NOT_DOWNLOADED,HIGH
MTEK,NOT_DOWNLOADED,HIGH
CLMB,NOT_DOWNLOADED,HIGH
BRSP,NOT_DOWNLOADED,HIGH
MDBH,NOT_DOWNLOADED,HIGH
CNTX,NOT_DOWNLOADED,HIGH
AUPH,NOT_DOWNLOADED,HIGH
MBX,NOT_DOWNLOADED,HIGH
VACH,NOT_DOWNLOADED,HIGH
WLY,NOT_DOWNLOADED,HIGH
ALCY,NOT_DOWNLOADED,HIGH
FHTX,NOT_DOWNLOADED,HIGH
FRBA,NOT_DOWNLOADED,HIGH
CVLG,NOT_DOWNLOADED,HIGH
SAFT,NOT_DOWNLOADED,HIGH
RPD,NOT_DOWNLOADED,HIGH
ECVT,NOT_DOWNLOADED,HIGH
SHLS,NOT_DOWNLOADED,HIGH
KOS,NOT_DOWNLOADED,HIGH
MOGO,NOT_DOWNLOADED,HIGH
AMLX,NOT_DOWNLOADED,HIGH
SRFM,NOT_DOWNLOADED,HIGH
COEP,NOT_DOWNLOADED,HIGH
SOC,NOT_DOWNLOADED,HIGH
EBON,NOT_DOWNLOADED,HIGH
TEAD,NOT_DOWNLOADED,HIGH
AEVA,NOT_DOWNLOADED,HIGH
BNAI,NOT_DOWNLOADED,HIGH
RLAY,NOT_DOWNLOADED,HIGH
VREX,NOT_DOWNLOADED,HIGH
CHAC,NOT_DOWNLOADED,HIGH
GAMB,NOT_DOWNLOADED,HIGH
CWD,NOT_DOWNLOADED,HIGH
VSME,NOT_DOWNLOADED,HIGH
GCMG,NOT_DOWNLOADED,HIGH
HLIO,NOT_DOWNLOADED,HIGH
CCIX,NOT_DOWNLOADED,HIGH
AEHL,NOT_DOWNLOADED,HIGH
PMN,NOT_DOWNLOADED,HIGH
DOGZ,NOT_DOWNLOADED,HIGH
WFCF,NOT_DOWNLOADED,HIGH
HTZ,NOT_DOWNLOADED,HIGH
RSKD,NOT_DOWNLOADED,HIGH
CGTL,NOT_DOWNLOADED,HIGH
DLXY,NOT_DOWNLOADED,HIGH
DSY,NOT_DOWNLOADED,HIGH
MKLY,NOT_DOWNLOADED,HIGH
CUB,NOT_DOWNLOADED,HIGH
CZNC,NOT_DOWNLOADED,HIGH
HSII,NOT_DOWNLOADED,HIGH
ITRN,NOT_DOWNLOADED,HIGH
CCB,NOT_DOWNLOADED,HIGH
TRIP,NOT_DOWNLOADED,HIGH
JL,NOT_DOWNLOADED,HIGH
MIMI,NOT_DOWNLOADED,HIGH
ORMP,NOT_DOWNLOADED,HIGH
ECOR,NOT_DOWNLOADED,HIGH
GDEN,NOT_DOWNLOADED,HIGH
TOMZ,NOT_DOWNLOADED,HIGH
CURV,NOT_DOWNLOADED,HIGH
SMHI,NOT_DOWNLOADED,HIGH
UONEK,NOT_DOWNLOADED,HIGH
MCHX,NOT_DOWNLOADED,HIGH
CBNK,NOT_DOWNLOADED,HIGH
DXR,NOT_DOWNLOADED,HIGH
AEYE,NOT_DOWNLOADED,HIGH
TASK,NOT_DOWNLOADED,HIGH
DMLP,NOT_DOWNLOADED,HIGH
OCG,NOT_DOWNLOADED,HIGH
VNCE,NOT_DOWNLOADED,HIGH
SLSN,NOT_DOWNLOADED,HIGH
NVRI,NOT_DOWNLOADED,HIGH
KVHI,NOT_DOWNLOADED,HIGH
AKBA,NOT_DOWNLOADED,HIGH
OPK,NOT_DOWNLOADED,HIGH
AIP,NOT_DOWNLOADED,HIGH
EXFY,NOT_DOWNLOADED,HIGH
CRBU,NOT_DOWNLOADED,HIGH
CCS,NOT_DOWNLOADED,HIGH
VRME,NOT_DOWNLOADED,HIGH
SLXN,NOT_DOWNLOADED,HIGH
FRAF,NOT_DOWNLOADED,HIGH
ECO,NOT_DOWNLOADED,HIGH
DV,NOT_DOWNLOADED,HIGH
ASYS,NOT_DOWNLOADED,HIGH
SKYH,NOT_DOWNLOADED,HIGH
XPON,NOT_DOWNLOADED,HIGH
BWLP,NOT_DOWNLOADED,HIGH
GEG,NOT_DOWNLOADED,HIGH
FXNC,NOT_DOWNLOADED,HIGH
ILLR,NOT_DOWNLOADED,HIGH
ENLV,NOT_DOWNLOADED,HIGH
XGN,NOT_DOWNLOADED,HIGH
EXPI,NOT_DOWNLOADED,HIGH
JMSB,NOT_DOWNLOADED,HIGH
BAOS,NOT_DOWNLOADED,HIGH
NRP,NOT_DOWNLOADED,HIGH
GWRS,NOT_DOWNLOADED,HIGH
PLYM,NOT_DOWNLOADED,HIGH
TLPH,NOT_DOWNLOADED,HIGH
MXL,NOT_DOWNLOADED,HIGH
RIBB,NOT_DOWNLOADED,HIGH
BRT,NOT_DOWNLOADED,HIGH
INLF,NOT_DOWNLOADED,HIGH
RICK,NOT_DOWNLOADED,HIGH
SMX,NOT_DOWNLOADED,HIGH
NAGE,NOT_DOWNLOADED,HIGH
NEWT,NOT_DOWNLOADED,HIGH
BFLY,NOT_DOWNLOADED,HIGH
EIG,NOT_DOWNLOADED,HIGH
LAR,NOT_DOWNLOADED,HIGH
SOUL,NOT_DOWNLOADED,HIGH
MRNO,NOT_DOWNLOADED,HIGH
VMAR,NOT_DOWNLOADED,HIGH
NTCT,NOT_DOWNLOADED,HIGH
MCRB,NOT_DOWNLOADED,HIGH
NMFC,NOT_DOWNLOADED,HIGH
MFIC,NOT_DOWNLOADED,HIGH
NSYS,NOT_DOWNLOADED,HIGH
HRTG,NOT_DOWNLOADED,HIGH
PSQH,NOT_DOWNLOADED,HIGH
KOYN,NOT_DOWNLOADED,HIGH
CVGI,NOT_DOWNLOADED,HIGH
AVBH,NOT_DOWNLOADED,HIGH
FTRK,NOT_DOWNLOADED,HIGH
EVCM,NOT_DOWNLOADED,HIGH
TXG,NOT_DOWNLOADED,HIGH
AAOI,NOT_DOWNLOADED,HIGH
PZZA,NOT_DOWNLOADED,HIGH
MYFW,NOT_DOWNLOADED,HIGH
LOVE,NOT_DOWNLOADED,HIGH
YDDL,NOT_DOWNLOADED,HIGH
MRVI,NOT_DOWNLOADED,HIGH
PYXS,NOT_DOWNLOADED,HIGH
SMLR,NOT_DOWNLOADED,HIGH
PLBY,NOT_DOWNLOADED,HIGH
ORKT,NOT_DOWNLOADED,HIGH
MTEN,NOT_DOWNLOADED,HIGH
CENT,NOT_DOWNLOADED,HIGH
MAYA,NOT_DOWNLOADED,HIGH
OGI,NOT_DOWNLOADED,HIGH
OYSE,NOT_DOWNLOADED,HIGH
BLZE,NOT_DOWNLOADED,HIGH
EEIQ,NOT_DOWNLOADED,HIGH
ATER,NOT_DOWNLOADED,HIGH
PEB,NOT_DOWNLOADED,HIGH
ADVM,NOT_DOWNLOADED,HIGH
NOMD,NOT_DOWNLOADED,HIGH
MGRT,NOT_DOWNLOADED,HIGH
CDNA,NOT_DOWNLOADED,HIGH
MSAI,NOT_DOWNLOADED,HIGH
CJMB,NOT_DOWNLOADED,HIGH
CRMD,NOT_DOWNLOADED,HIGH
EVH,NOT_DOWNLOADED,HIGH
AGH,NOT_DOWNLOADED,HIGH
TDAC,NOT_DOWNLOADED,HIGH
PCRX,NOT_DOWNLOADED,HIGH
DCOM,NOT_DOWNLOADED,HIGH
TNXP,NOT_DOWNLOADED,HIGH
RWAY,NOT_DOWNLOADED,HIGH
TNON,NOT_DOWNLOADED,HIGH
AZTA,NOT_DOWNLOADED,HIGH
AIIO,NOT_DOWNLOADED,HIGH
BWMX,NOT_DOWNLOADED,HIGH
ORGN,NOT_DOWNLOADED,HIGH
ODYS,NOT_DOWNLOADED,HIGH
FERA,NOT_DOWNLOADED,HIGH
GCTK,NOT_DOWNLOADED,HIGH
AVIR,NOT_DOWNLOADED,HIGH
DPRO,NOT_DOWNLOADED,HIGH
UVSP,NOT_DOWNLOADED,HIGH
ZIMV,NOT_DOWNLOADED,HIGH
SKBL,NOT_DOWNLOADED,HIGH
POAI,NOT_DOWNLOADED,HIGH
CGTX,NOT_DOWNLOADED,HIGH
PIII,NOT_DOWNLOADED,HIGH
FUSB,NOT_DOWNLOADED,HIGH
KLTO,NOT_DOWNLOADED,HIGH
ELUT,NOT_DOWNLOADED,HIGH
LOB,NOT_DOWNLOADED,HIGH
GLSI,NOT_DOWNLOADED,HIGH
CLPT,NOT_DOWNLOADED,HIGH
JAMF,NOT_DOWNLOADED,HIGH
SEV,NOT_DOWNLOADED,HIGH
VRDN,NOT_DOWNLOADED,HIGH
NCSM,NOT_DOWNLOADED,HIGH
GCL,NOT_DOWNLOADED,HIGH
QSI,NOT_DOWNLOADED,HIGH
VNDA,NOT_DOWNLOADED,HIGH
NCRA,NOT_DOWNLOADED,HIGH
DGLY,NOT_DOWNLOADED,HIGH
BYSI,NOT_DOWNLOADED,HIGH
CREG,NOT_DOWNLOADED,HIGH
FFIC,NOT_DOWNLOADED,HIGH
FLYW,NOT_DOWNLOADED,HIGH
PHH,NOT_DOWNLOADED,HIGH
PANL,NOT_DOWNLOADED,HIGH
MSS,NOT_DOWNLOADED,HIGH
WTTR,NOT_DOWNLOADED,HIGH
RBB,NOT_DOWNLOADED,HIGH
OBIO,NOT_DOWNLOADED,HIGH
NSTS,NOT_DOWNLOADED,HIGH
ADVB,NOT_DOWNLOADED,HIGH
RITR,NOT_DOWNLOADED,HIGH
INAC,NOT_DOWNLOADED,HIGH
THRM,NOT_DOWNLOADED,HIGH
CDLX,NOT_DOWNLOADED,HIGH
GRI,NOT_DOWNLOADED,HIGH
NWTG,NOT_DOWNLOADED,HIGH
NYAX,NOT_DOWNLOADED,HIGH
CELZ,NOT_DOWNLOADED,HIGH
ONEG,NOT_DOWNLOADED,HIGH
ATOM,NOT_DOWNLOADED,HIGH
RCUS,NOT_DOWNLOADED,HIGH
WNEB,NOT_DOWNLOADED,HIGH
GSM,NOT_DOWNLOADED,HIGH
HBIO,NOT_DOWNLOADED,HIGH
BLIN,NOT_DOWNLOADED,HIGH
LOCO,NOT_DOWNLOADED,HIGH
TILE,NOT_DOWNLOADED,HIGH
TNK,NOT_DOWNLOADED,HIGH
FVR,NOT_DOWNLOADED,HIGH
LMFA,NOT_DOWNLOADED,HIGH
KALA,NOT_DOWNLOADED,HIGH
RAPT,NOT_DOWNLOADED,HIGH
HLP,NOT_DOWNLOADED,HIGH
MBIO,NOT_DOWNLOADED,HIGH
KREF,NOT_DOWNLOADED,HIGH
BCAB,NOT_DOWNLOADED,HIGH
SKYQ,NOT_DOWNLOADED,HIGH
HTLD,NOT_DOWNLOADED,HIGH
IBEX,NOT_DOWNLOADED,HIGH
CNVS,NOT_DOWNLOADED,HIGH
SVV,NOT_DOWNLOADED,HIGH
RNGR,NOT_DOWNLOADED,HIGH
JCTC,NOT_DOWNLOADED,HIGH
SEGG,NOT_DOWNLOADED,HIGH
AP,NOT_DOWNLOADED,HIGH
FNGR,NOT_DOWNLOADED,HIGH
SILO,NOT_DOWNLOADED,HIGH
LAND,NOT_DOWNLOADED,HIGH
RMCO,NOT_DOWNLOADED,HIGH
CRDL,NOT_DOWNLOADED,HIGH
ASTH,NOT_DOWNLOADED,HIGH
BWEN,NOT_DOWNLOADED,HIGH
WOK,NOT_DOWNLOADED,HIGH
SSEA,NOT_DOWNLOADED,HIGH
STHO,NOT_DOWNLOADED,HIGH
SNAL,NOT_DOWNLOADED,HIGH
BFRG,NOT_DOWNLOADED,HIGH
TK,NOT_DOWNLOADED,HIGH
NSPR,NOT_DOWNLOADED,HIGH
CCRN,NOT_DOWNLOADED,HIGH
GNK,NOT_DOWNLOADED,HIGH
ZGM,NOT_DOWNLOADED,HIGH
FLNT,NOT_DOWNLOADED,HIGH
EVGO,NOT_DOWNLOADED,HIGH
FLYE,NOT_DOWNLOADED,HIGH
MATV,NOT_DOWNLOADED,HIGH
AMPH,NOT_DOWNLOADED,HIGH
IBIO,NOT_DOWNLOADED,HIGH
NNNN,NOT_DOWNLOADED,HIGH
RANI,NOT_DOWNLOADED,HIGH
BLMZ,NOT_DOWNLOADED,HIGH
JBLU,NOT_DOWNLOADED,HIGH
AMPL,NOT_DOWNLOADED,HIGH
CGC,NOT_DOWNLOADED,HIGH
MTUS,NOT_DOWNLOADED,HIGH
RCKY,NOT_DOWNLOADED,HIGH
MDXG,NOT_DOWNLOADED,HIGH
UP,NOT_DOWNLOADED,HIGH
VANI,NOT_DOWNLOADED,HIGH
EQS,NOT_DOWNLOADED,HIGH
CRCT,NOT_DOWNLOADED,HIGH
VVPR,NOT_DOWNLOADED,HIGH
LION,NOT_DOWNLOADED,HIGH
HIVE,NOT_DOWNLOADED,HIGH
NRDY,NOT_DOWNLOADED,HIGH
GRNQ,NOT_DOWNLOADED,HIGH
FORR,NOT_DOWNLOADED,HIGH
CPOP,NOT_DOWNLOADED,HIGH
RSI,NOT_DOWNLOADED,HIGH
HROW,NOT_DOWNLOADED,HIGH
HZO,NOT_DOWNLOADED,HIGH
XPRO,NOT_DOWNLOADED,HIGH
AMC,NOT_DOWNLOADED,HIGH
HTBK,NOT_DOWNLOADED,HIGH
MSPR,NOT_DOWNLOADED,HIGH
CLSD,NOT_DOWNLOADED,HIGH
RLMD,NOT_DOWNLOADED,HIGH
XPOF,NOT_DOWNLOADED,HIGH
AUUD,NOT_DOWNLOADED,HIGH
NVNO,NOT_DOWNLOADED,HIGH
SNDL,NOT_DOWNLOADED,HIGH
GRCE,NOT_DOWNLOADED,HIGH
BORR,NOT_DOWNLOADED,HIGH
VBNK,NOT_DOWNLOADED,HIGH
TWG,NOT_DOWNLOADED,HIGH
TDIC,NOT_DOWNLOADED,HIGH
RDNW,NOT_DOWNLOADED,HIGH
AKAN,NOT_DOWNLOADED,HIGH
BWIN,NOT_DOWNLOADED,HIGH
TDUP,NOT_DOWNLOADED,HIGH
NTRB,NOT_DOWNLOADED,HIGH
RYM,NOT_DOWNLOADED,HIGH
SNYR,NOT_DOWNLOADED,HIGH
USNA,NOT_DOWNLOADED,HIGH
BTCS,NOT_DOWNLOADED,HIGH
PROF,NOT_DOWNLOADED,HIGH
CFFN,NOT_DOWNLOADED,HIGH
LNKB,NOT_DOWNLOADED,HIGH
RDAG,NOT_DOWNLOADED,HIGH
SNGX,NOT_DOWNLOADED,HIGH
ONEW,NOT_DOWNLOADED,HIGH
FRPH,NOT_DOWNLOADED,HIGH
GNLN,NOT_DOWNLOADED,HIGH
ABVC,NOT_DOWNLOADED,HIGH
LYEL,NOT_DOWNLOADED,HIGH
PSNL,NOT_DOWNLOADED,HIGH
MNSB,NOT_DOWNLOADED,HIGH
RDVT,NOT_DOWNLOADED,HIGH
MVO,NOT_DOWNLOADED,HIGH
TG,NOT_DOWNLOADED,HIGH
KRT,NOT_DOWNLOADED,HIGH
FEAM,NOT_DOWNLOADED,HIGH
FSCO,NOT_DOWNLOADED,HIGH
SYBT,NOT_DOWNLOADED,HIGH
LC,NOT_DOWNLOADED,HIGH
MDAI,NOT_DOWNLOADED,HIGH
KLXE,NOT_DOWNLOADED,HIGH
CXAI,NOT_DOWNLOADED,HIGH
KFS,NOT_DOWNLOADED,HIGH
TCX,NOT_DOWNLOADED,HIGH
CMBM,NOT_DOWNLOADED,HIGH
FTEK,NOT_DOWNLOADED,HIGH
CRNC,NOT_DOWNLOADED,HIGH
ZNTL,NOT_DOWNLOADED,HIGH
UFCS,NOT_DOWNLOADED,HIGH
FLL,NOT_DOWNLOADED,HIGH
IPDN,NOT_DOWNLOADED,HIGH
TWO,NOT_DOWNLOADED,HIGH
NCMI,NOT_DOWNLOADED,HIGH
UONE,NOT_DOWNLOADED,HIGH
FACT,NOT_DOWNLOADED,HIGH
TWST,NOT_DOWNLOADED,HIGH
SHO,NOT_DOWNLOADED,HIGH
MYE,NOT_DOWNLOADED,HIGH
LIMN,NOT_DOWNLOADED,HIGH
FSBW,NOT_DOWNLOADED,HIGH
RGNX,NOT_DOWNLOADED,HIGH
USEG,NOT_DOWNLOADED,HIGH
SNTG,NOT_DOWNLOADED,HIGH
TRAK,NOT_DOWNLOADED,HIGH
GHM,NOT_DOWNLOADED,HIGH
STC,NOT_DOWNLOADED,HIGH
SPT,NOT_DOWNLOADED,HIGH
FNLC,NOT_DOWNLOADED,HIGH
BYFC,NOT_DOWNLOADED,HIGH
BKYI,NOT_DOWNLOADED,HIGH
PUBM,NOT_DOWNLOADED,HIGH
MXCT,NOT_DOWNLOADED,HIGH
MCGA,NOT_DOWNLOADED,HIGH
ONCO,NOT_DOWNLOADED,HIGH
AURA,NOT_DOWNLOADED,HIGH
NEXA,NOT_DOWNLOADED,HIGH
ARTL,NOT_DOWNLOADED,HIGH
PLCE,NOT_DOWNLOADED,HIGH
CHSN,NOT_DOWNLOADED,HIGH
ASTE,NOT_DOWNLOADED,HIGH
GXAI,NOT_DOWNLOADED,HIGH
BEAT,NOT_DOWNLOADED,HIGH
MGYR,NOT_DOWNLOADED,HIGH
CRDF,NOT_DOWNLOADED,HIGH
SABR,NOT_DOWNLOADED,HIGH
LDWY,NOT_DOWNLOADED,HIGH
SIGA,NOT_DOWNLOADED,HIGH
ACEL,NOT_DOWNLOADED,HIGH
UPB,NOT_DOWNLOADED,HIGH
REAL,NOT_DOWNLOADED,HIGH
GTN.A,NOT_DOWNLOADED,HIGH
CFND,NOT_DOWNLOADED,HIGH
XELB,NOT_DOWNLOADED,HIGH
ARR,NOT_DOWNLOADED,HIGH
CNET,NOT_DOWNLOADED,HIGH
SILA,NOT_DOWNLOADED,HIGH
NMAX,NOT_DOWNLOADED,HIGH
TCRT,NOT_DOWNLOADED,HIGH
MTW,NOT_DOWNLOADED,HIGH
AESI,NOT_DOWNLOADED,HIGH
STRZ,NOT_DOWNLOADED,HIGH
NUWE,NOT_DOWNLOADED,HIGH
WTO,NOT_DOWNLOADED,HIGH
LPG,NOT_DOWNLOADED,HIGH
TOYO,NOT_DOWNLOADED,HIGH
ATLX,NOT_DOWNLOADED,HIGH
LHAI,NOT_DOWNLOADED,HIGH
CSBR,NOT_DOWNLOADED,HIGH
UTZ,NOT_DOWNLOADED,HIGH
STFS,NOT_DOWNLOADED,HIGH
SXC,NOT_DOWNLOADED,HIGH
CASH,NOT_DOWNLOADED,HIGH
UNIT,NOT_DOWNLOADED,HIGH
LFCR,NOT_DOWNLOADED,HIGH
TRML,NOT_DOWNLOADED,HIGH
RUBI,NOT_DOWNLOADED,HIGH
EB,NOT_DOWNLOADED,HIGH
PDYN,NOT_DOWNLOADED,HIGH
CURX,NOT_DOWNLOADED,HIGH
RMSG,NOT_DOWNLOADED,HIGH
RMTI,NOT_DOWNLOADED,HIGH
KSCP,NOT_DOWNLOADED,HIGH
MKTW,NOT_DOWNLOADED,HIGH
MAMO,NOT_DOWNLOADED,HIGH
BMR,NOT_DOWNLOADED,HIGH
GPAT,NOT_DOWNLOADED,HIGH
LCUT,NOT_DOWNLOADED,HIGH
FSTR,NOT_DOWNLOADED,HIGH
HAFC,NOT_DOWNLOADED,HIGH
JZXN,NOT_DOWNLOADED,HIGH
CERT,NOT_DOWNLOADED,HIGH
PMEC,NOT_DOWNLOADED,HIGH
NRGV,NOT_DOWNLOADED,HIGH
JACK,NOT_DOWNLOADED,HIGH
PRAA,NOT_DOWNLOADED,HIGH
EGHA,NOT_DOWNLOADED,HIGH
IMTE,NOT_DOWNLOADED,HIGH
BNC,NOT_DOWNLOADED,HIGH
BJDX,NOT_DOWNLOADED,HIGH
SYBX,NOT_DOWNLOADED,HIGH
RYET,NOT_DOWNLOADED,HIGH
BGMS,NOT_DOWNLOADED,HIGH
DDD,NOT_DOWNLOADED,HIGH
RELL,NOT_DOWNLOADED,HIGH
EU,NOT_DOWNLOADED,HIGH
CIGL,NOT_DOWNLOADED,HIGH
LAB,NOT_DOWNLOADED,HIGH
EBMT,NOT_DOWNLOADED,HIGH
CDIO,NOT_DOWNLOADED,HIGH
GEOS,NOT_DOWNLOADED,HIGH
MNPR,NOT_DOWNLOADED,HIGH
TAYD,NOT_DOWNLOADED,HIGH
GWAV,NOT_DOWNLOADED,HIGH
OPAL,NOT_DOWNLOADED,HIGH
TLNC,NOT_DOWNLOADED,HIGH
SEPN,NOT_DOWNLOADED,HIGH
ARRY,NOT_DOWNLOADED,HIGH
ACRV,NOT_DOWNLOADED,HIGH
INMB,NOT_DOWNLOADED,HIGH
MRKR,NOT_DOWNLOADED,HIGH
RGS,NOT_DOWNLOADED,HIGH
AMOD,NOT_DOWNLOADED,HIGH
CNXN,NOT_DOWNLOADED,HIGH
NRC,NOT_DOWNLOADED,HIGH
DAAQ,NOT_DOWNLOADED,HIGH
SANG,NOT_DOWNLOADED,HIGH
VPG,NOT_DOWNLOADED,HIGH
DCTH,NOT_DOWNLOADED,HIGH
BCBP,NOT_DOWNLOADED,HIGH
MNTN,NOT_DOWNLOADED,HIGH
VHC,NOT_DOWNLOADED,HIGH
DCO,NOT_DOWNLOADED,HIGH
ADV,NOT_DOWNLOADED,HIGH
VGAS,NOT_DOWNLOADED,HIGH
ICFI,NOT_DOWNLOADED,HIGH
BY,NOT_DOWNLOADED,HIGH
PDM,NOT_DOWNLOADED,HIGH
RDGT,NOT_DOWNLOADED,HIGH
NEXM,NOT_DOWNLOADED,HIGH
DSP,NOT_DOWNLOADED,HIGH
MNRO,NOT_DOWNLOADED,HIGH
COSM,NOT_DOWNLOADED,HIGH
FDSB,NOT_DOWNLOADED,HIGH
ALEC,NOT_DOWNLOADED,HIGH
SPRY,NOT_DOWNLOADED,HIGH
BNGO,NOT_DOWNLOADED,HIGH
DBI,NOT_DOWNLOADED,HIGH
TRNS,NOT_DOWNLOADED,HIGH
SNT,NOT_DOWNLOADED,HIGH
RDW,NOT_DOWNLOADED,HIGH
INAB,NOT_DOWNLOADED,HIGH
PMTR,NOT_DOWNLOADED,HIGH
DTST,NOT_DOWNLOADED,HIGH
ZTEK,NOT_DOWNLOADED,HIGH
CWBC,NOT_DOWNLOADED,HIGH
PGC,NOT_DOWNLOADED,HIGH
GELS,NOT_DOWNLOADED,HIGH
CC,NOT_DOWNLOADED,HIGH
ONCH,NOT_DOWNLOADED,HIGH
PSFE,NOT_DOWNLOADED,HIGH
LOKV,NOT_DOWNLOADED,HIGH
CING,NOT_DOWNLOADED,HIGH
CTNM,NOT_DOWNLOADED,HIGH
KOPN,NOT_DOWNLOADED,HIGH
AURE,NOT_DOWNLOADED,HIGH
PDS,NOT_DOWNLOADED,HIGH
EJH,NOT_DOWNLOADED,HIGH
CRSR,NOT_DOWNLOADED,HIGH
DAKT,NOT_DOWNLOADED,HIGH
VIVS,NOT_DOWNLOADED,HIGH
WTF,NOT_DOWNLOADED,HIGH
CAPS,NOT_DOWNLOADED,HIGH
CLDT,NOT_DOWNLOADED,HIGH
CASS,NOT_DOWNLOADED,HIGH
FBIO,NOT_DOWNLOADED,HIGH
MD,NOT_DOWNLOADED,HIGH
COYA,NOT_DOWNLOADED,HIGH
WXM,NOT_DOWNLOADED,HIGH
PACH,NOT_DOWNLOADED,HIGH
CRD.A,NOT_DOWNLOADED,HIGH
APOG,NOT_DOWNLOADED,HIGH
ORIC,NOT_DOWNLOADED,HIGH
SCKT,NOT_DOWNLOADED,HIGH
ALGT,NOT_DOWNLOADED,HIGH
PAR,NOT_DOWNLOADED,HIGH
SEED,NOT_DOWNLOADED,HIGH
SBSI,NOT_DOWNLOADED,HIGH
PHVS,NOT_DOWNLOADED,HIGH
TRUP,NOT_DOWNLOADED,HIGH
ADSE,NOT_DOWNLOADED,HIGH
NXL,NOT_DOWNLOADED,HIGH
OMI,NOT_DOWNLOADED,HIGH
SLGB,NOT_DOWNLOADED,HIGH
SPHL,NOT_DOWNLOADED,HIGH
SGA,NOT_DOWNLOADED,HIGH
CLW,NOT_DOWNLOADED,HIGH
LFWD,NOT_DOWNLOADED,HIGH
SCM,NOT_DOWNLOADED,HIGH
DHIL,NOT_DOWNLOADED,HIGH
DAC,NOT_DOWNLOADED,HIGH
EDHL,NOT_DOWNLOADED,HIGH
IRMD,NOT_DOWNLOADED,HIGH
PRPH,NOT_DOWNLOADED,HIGH
NUTX,NOT_DOWNLOADED,HIGH
FVCB,NOT_DOWNLOADED,HIGH
WATT,NOT_DOWNLOADED,HIGH
LGIH,NOT_DOWNLOADED,HIGH
AXGN,NOT_DOWNLOADED,HIGH
ACET,NOT_DOWNLOADED,HIGH
CNSP,NOT_DOWNLOADED,HIGH
CIVB,NOT_DOWNLOADED,HIGH
MNTS,NOT_DOWNLOADED,HIGH
TSSI,NOT_DOWNLOADED,HIGH
FEMY,NOT_DOWNLOADED,HIGH
BIYA,NOT_DOWNLOADED,HIGH
MARPS,NOT_DOWNLOADED,HIGH
PALI,NOT_DOWNLOADED,HIGH
SINT,NOT_DOWNLOADED,HIGH
NGNE,NOT_DOWNLOADED,HIGH
LTRN,NOT_DOWNLOADED,HIGH
PCSC,NOT_DOWNLOADED,HIGH
HSTM,NOT_DOWNLOADED,HIGH
BFST,NOT_DOWNLOADED,HIGH
GAIA,NOT_DOWNLOADED,HIGH
BLDP,NOT_DOWNLOADED,HIGH
CRNT,NOT_DOWNLOADED,HIGH
ALRS,NOT_DOWNLOADED,HIGH
BVFL,NOT_DOWNLOADED,HIGH
CLNE,NOT_DOWNLOADED,HIGH
CMPX,NOT_DOWNLOADED,HIGH
TMCI,NOT_DOWNLOADED,HIGH
WT,NOT_DOWNLOADED,HIGH
MBUU,NOT_DOWNLOADED,HIGH
AXTI,NOT_DOWNLOADED,HIGH
NWN,NOT_DOWNLOADED,HIGH
ALLT,NOT_DOWNLOADED,HIGH
ALDF,NOT_DOWNLOADED,HIGH
ICMB,NOT_DOWNLOADED,HIGH
PFIS,NOT_DOWNLOADED,HIGH
CHAI,NOT_DOWNLOADED,HIGH
IMMX,NOT_DOWNLOADED,HIGH
GLP,NOT_DOWNLOADED,HIGH
QUIK,NOT_DOWNLOADED,HIGH
ANGO,NOT_DOWNLOADED,HIGH
FSHP,NOT_DOWNLOADED,HIGH
OPAD,NOT_DOWNLOADED,HIGH
CHGG,NOT_DOWNLOADED,HIGH
FATBB,NOT_DOWNLOADED,HIGH
DVLT,NOT_DOWNLOADED,HIGH
MMLP,NOT_DOWNLOADED,HIGH
KRNT,NOT_DOWNLOADED,HIGH
CBLL,NOT_DOWNLOADED,HIGH
CRVS,NOT_DOWNLOADED,HIGH
LSAK,NOT_DOWNLOADED,HIGH
TCBK,NOT_DOWNLOADED,HIGH
SIEB,NOT_DOWNLOADED,HIGH
IIIV,NOT_DOWNLOADED,HIGH
ESTA,NOT_DOWNLOADED,HIGH
CERO,NOT_DOWNLOADED,HIGH
SLDB,NOT_DOWNLOADED,HIGH
ACFN,NOT_DOWNLOADED,HIGH
BBCP,NOT_DOWNLOADED,HIGH
FCBC,NOT_DOWNLOADED,HIGH
ANTX,NOT_DOWNLOADED,HIGH
SBGI,NOT_DOWNLOADED,HIGH
OOMA,NOT_DOWNLOADED,HIGH
PMT,NOT_DOWNLOADED,HIGH
VEEE,NOT_DOWNLOADED,HIGH
ECX,NOT_DOWNLOADED,HIGH
JAGX,NOT_DOWNLOADED,HIGH
IROQ,NOT_DOWNLOADED,HIGH
LTC,NOT_DOWNLOADED,HIGH
TFIN,NOT_DOWNLOADED,HIGH
EURK,NOT_DOWNLOADED,HIGH
ACRS,NOT_DOWNLOADED,HIGH
NVCR,NOT_DOWNLOADED,HIGH
WOLF,NOT_DOWNLOADED,HIGH
CTOR,NOT_DOWNLOADED,HIGH
UPBD,NOT_DOWNLOADED,HIGH
CLCO,NOT_DOWNLOADED,HIGH
GTEC,NOT_DOWNLOADED,HIGH
DGXX,NOT_DOWNLOADED,HIGH
MBC,NOT_DOWNLOADED,HIGH
TDC,NOT_DOWNLOADED,HIGH
LXEO,NOT_DOWNLOADED,HIGH
NBHC,NOT_DOWNLOADED,HIGH
FIP,NOT_DOWNLOADED,HIGH
NNBR,NOT_DOWNLOADED,HIGH
BLND,NOT_DOWNLOADED,HIGH
SND,NOT_DOWNLOADED,HIGH
BCIC,NOT_DOWNLOADED,HIGH
IMG,NOT_DOWNLOADED,HIGH
MOBX,NOT_DOWNLOADED,HIGH
SSTK,NOT_DOWNLOADED,HIGH
STTK,NOT_DOWNLOADED,HIGH
MCS,NOT_DOWNLOADED,HIGH
IHRT,NOT_DOWNLOADED,HIGH
RMNI,NOT_DOWNLOADED,HIGH
WSR,NOT_DOWNLOADED,HIGH
USAU,NOT_DOWNLOADED,HIGH
PRQR,NOT_DOWNLOADED,HIGH
CPBI,NOT_DOWNLOADED,HIGH
CION,NOT_DOWNLOADED,HIGH
NEON,NOT_DOWNLOADED,HIGH
ALTS,NOT_DOWNLOADED,HIGH
VYX,NOT_DOWNLOADED,HIGH
PRO,NOT_DOWNLOADED,HIGH
TZOO,NOT_DOWNLOADED,HIGH
HIPO,NOT_DOWNLOADED,HIGH
SHBI,NOT_DOWNLOADED,HIGH
EARN,NOT_DOWNLOADED,HIGH
QMCO,NOT_DOWNLOADED,HIGH
SOCA,NOT_DOWNLOADED,HIGH
RLJ,NOT_DOWNLOADED,HIGH
TTSH,NOT_DOWNLOADED,HIGH
OMEX,NOT_DOWNLOADED,HIGH
GETY,NOT_DOWNLOADED,HIGH
CARL,NOT_DOWNLOADED,HIGH
BDMD,NOT_DOWNLOADED,HIGH
AXIN,NOT_DOWNLOADED,HIGH
BRR,NOT_DOWNLOADED,HIGH
AUID,NOT_DOWNLOADED,HIGH
AENT,NOT_DOWNLOADED,HIGH
CIO,NOT_DOWNLOADED,HIGH
CPF,NOT_DOWNLOADED,HIGH
AAT,NOT_DOWNLOADED,HIGH
NVAX,NOT_DOWNLOADED,HIGH
FRGE,NOT_DOWNLOADED,HIGH
HYPD,NOT_DOWNLOADED,HIGH
BIAF,NOT_DOWNLOADED,HIGH
UYSC,NOT_DOWNLOADED,HIGH
TRON,NOT_DOWNLOADED,HIGH
LAW,NOT_DOWNLOADED,HIGH
TRVI,NOT_DOWNLOADED,HIGH
MFA,NOT_DOWNLOADED,HIGH
SANA,NOT_DOWNLOADED,HIGH
HUBC,NOT_DOWNLOADED,HIGH
DMAC,NOT_DOWNLOADED,HIGH
MIND,NOT_DOWNLOADED,HIGH
BRTX,NOT_DOWNLOADED,HIGH
BBT,NOT_DOWNLOADED,HIGH
KRO,NOT_DOWNLOADED,HIGH
NMP,NOT_DOWNLOADED,HIGH
RYOJ,NOT_DOWNLOADED,HIGH
CTLP,NOT_DOWNLOADED,HIGH
PAMT,NOT_DOWNLOADED,HIGH
GTEN,NOT_DOWNLOADED,HIGH
FMBH,NOT_DOWNLOADED,HIGH
CCO,NOT_DOWNLOADED,HIGH
RXT,NOT_DOWNLOADED,HIGH
CHCT,NOT_DOWNLOADED,HIGH
GOGO,NOT_DOWNLOADED,HIGH
JTAI,NOT_DOWNLOADED,HIGH
LRHC,NOT_DOWNLOADED,HIGH
JENA,NOT_DOWNLOADED,HIGH
NTCL,NOT_DOWNLOADED,HIGH
CJET,NOT_DOWNLOADED,HIGH
NUS,NOT_DOWNLOADED,HIGH
FMNB,NOT_DOWNLOADED,HIGH
DXST,NOT_DOWNLOADED,HIGH
INV,NOT_DOWNLOADED,HIGH
TNYA,NOT_DOWNLOADED,HIGH
PLTK,NOT_DOWNLOADED,HIGH
ARQ,NOT_DOWNLOADED,HIGH
HAO,NOT_DOWNLOADED,HIGH
INDP,NOT_DOWNLOADED,HIGH
DNTH,NOT_DOWNLOADED,HIGH
UNB,NOT_DOWNLOADED,HIGH
SPRO,NOT_DOWNLOADED,HIGH
PRTH,NOT_DOWNLOADED,HIGH
COUR,NOT_DOWNLOADED,HIGH
UROY,NOT_DOWNLOADED,HIGH
NCEW,NOT_DOWNLOADED,HIGH
MLAC,NOT_DOWNLOADED,HIGH
SCOR,NOT_DOWNLOADED,HIGH
ONCY,NOT_DOWNLOADED,HIGH
VOC,NOT_DOWNLOADED,HIGH
BGL,NOT_DOWNLOADED,HIGH
CARE,NOT_DOWNLOADED,HIGH
HLIT,NOT_DOWNLOADED,HIGH
CATO,NOT_DOWNLOADED,HIGH
RELI,NOT_DOWNLOADED,HIGH
LBRX,NOT_DOWNLOADED,HIGH
MCW,NOT_DOWNLOADED,HIGH
NKLR,NOT_DOWNLOADED,HIGH
HLX,NOT_DOWNLOADED,HIGH
MYSZ,NOT_DOWNLOADED,HIGH
JBIO,NOT_DOWNLOADED,HIGH
HIND,NOT_DOWNLOADED,HIGH
RAVE,NOT_DOWNLOADED,HIGH
SGML,NOT_DOWNLOADED,HIGH
NBR,NOT_DOWNLOADED,HIGH
EHGO,NOT_DOWNLOADED,HIGH
MWYN,NOT_DOWNLOADED,HIGH
BCAL,NOT_DOWNLOADED,HIGH
CSWC,NOT_DOWNLOADED,HIGH
ISTR,NOT_DOWNLOADED,HIGH
PSTV,NOT_DOWNLOADED,HIGH
CAPR,NOT_DOWNLOADED,HIGH
KINS,NOT_DOWNLOADED,HIGH
INM,NOT_DOWNLOADED,HIGH
RETO,NOT_DOWNLOADED,HIGH
UGRO,NOT_DOWNLOADED,HIGH
ZDAI,NOT_DOWNLOADED,HIGH
NPAC,NOT_DOWNLOADED,HIGH
ARAY,NOT_DOWNLOADED,HIGH
BSLK,NOT_DOWNLOADED,HIGH
CCHH,NOT_DOWNLOADED,HIGH
OMCC,NOT_DOWNLOADED,HIGH
CDRE,NOT_DOWNLOADED,HIGH
BRLT,NOT_DOWNLOADED,HIGH
MAZE,NOT_DOWNLOADED,HIGH
YDKG,NOT_DOWNLOADED,HIGH
FFWM,NOT_DOWNLOADED,HIGH
AAM,NOT_DOWNLOADED,HIGH
XCUR,NOT_DOWNLOADED,HIGH
MURA,NOT_DOWNLOADED,HIGH
GCTS,NOT_DOWNLOADED,HIGH
EDBL,NOT_DOWNLOADED,HIGH
PBYI,NOT_DOWNLOADED,HIGH
CLPS,NOT_DOWNLOADED,HIGH
HUN,NOT_DOWNLOADED,HIGH
SVII,NOT_DOWNLOADED,HIGH
EDUC,NOT_DOWNLOADED,HIGH
BWB,NOT_DOWNLOADED,HIGH
GRDN,NOT_DOWNLOADED,HIGH
NRSN,NOT_DOWNLOADED,HIGH
SMBC,NOT_DOWNLOADED,HIGH
BGM,NOT_DOWNLOADED,HIGH
FIVN,NOT_DOWNLOADED,HIGH
DOLE,NOT_DOWNLOADED,HIGH
ACIC,NOT_DOWNLOADED,HIGH
TCBS,NOT_DOWNLOADED,HIGH
CREX,NOT_DOWNLOADED,HIGH
AQMS,NOT_DOWNLOADED,HIGH
FCCO,NOT_DOWNLOADED,HIGH
MBVI,NOT_DOWNLOADED,HIGH
CCCX,NOT_DOWNLOADED,HIGH
NHTC,NOT_DOWNLOADED,HIGH
SNBR,NOT_DOWNLOADED,HIGH
FWRG,NOT_DOWNLOADED,HIGH
EVEX,NOT_DOWNLOADED,HIGH
WNC,NOT_DOWNLOADED,HIGH
INTZ,NOT_DOWNLOADED,HIGH
TBLD,NOT_DOWNLOADED,HIGH
DAWN,NOT_DOWNLOADED,HIGH
RAAQ,NOT_DOWNLOADED,HIGH
SLMT,NOT_DOWNLOADED,HIGH
ATUS,NOT_DOWNLOADED,HIGH
WENN,NOT_DOWNLOADED,HIGH
MRSN,NOT_DOWNLOADED,HIGH
ALEX,NOT_DOWNLOADED,HIGH
LUNR,NOT_DOWNLOADED,HIGH
FET,NOT_DOWNLOADED,HIGH
ACRE,NOT_DOWNLOADED,HIGH
AOSL,NOT_DOWNLOADED,HIGH
MRTN,NOT_DOWNLOADED,HIGH
EQ,NOT_DOWNLOADED,HIGH
MLKN,NOT_DOWNLOADED,HIGH
FBGL,NOT_DOWNLOADED,HIGH
CV,NOT_DOWNLOADED,HIGH
INN,NOT_DOWNLOADED,HIGH
INEO,NOT_DOWNLOADED,HIGH
VCIC,NOT_DOWNLOADED,HIGH
TPVG,NOT_DOWNLOADED,HIGH
CTSO,NOT_DOWNLOADED,HIGH
GDHG,NOT_DOWNLOADED,HIGH
NBBK,NOT_DOWNLOADED,HIGH
ATPC,NOT_DOWNLOADED,HIGH
BMRC,NOT_DOWNLOADED,HIGH
LIXT,NOT_DOWNLOADED,HIGH
CIA,NOT_DOWNLOADED,HIGH
VEEA,NOT_DOWNLOADED,HIGH
AMBC,NOT_DOWNLOADED,HIGH
URGN,NOT_DOWNLOADED,HIGH
ENGS,NOT_DOWNLOADED,HIGH
LRMR,NOT_DOWNLOADED,HIGH
GIFI,NOT_DOWNLOADED,HIGH
EPSN,NOT_DOWNLOADED,HIGH
CNCK,NOT_DOWNLOADED,HIGH
OCCI,NOT_DOWNLOADED,HIGH
IMTX,NOT_DOWNLOADED,HIGH
CCNE,NOT_DOWNLOADED,HIGH
IPSC,NOT_DOWNLOADED,HIGH
FORD,NOT_DOWNLOADED,HIGH
ENVB,NOT_DOWNLOADED,HIGH
NPK,NOT_DOWNLOADED,HIGH
BHE,NOT_DOWNLOADED,HIGH
NEXN,NOT_DOWNLOADED,HIGH
UHG,NOT_DOWNLOADED,HIGH
DLHC,NOT_DOWNLOADED,HIGH
AVNS,NOT_DOWNLOADED,HIGH
LPSN,NOT_DOWNLOADED,HIGH
TELA,NOT_DOWNLOADED,HIGH
ETS,NOT_DOWNLOADED,HIGH
MAGN,NOT_DOWNLOADED,HIGH
TTI,NOT_DOWNLOADED,HIGH
CRBP,NOT_DOWNLOADED,HIGH
EQV,NOT_DOWNLOADED,HIGH
OSBC,NOT_DOWNLOADED,HIGH
RM,NOT_DOWNLOADED,HIGH
JWEL,NOT_DOWNLOADED,HIGH
GLMD,NOT_DOWNLOADED,HIGH
FATN,NOT_DOWNLOADED,HIGH
CCD,NOT_DOWNLOADED,HIGH
HYAC,NOT_DOWNLOADED,HIGH
XLO,NOT_DOWNLOADED,HIGH
BH.A,NOT_DOWNLOADED,HIGH
JANX,NOT_DOWNLOADED,HIGH
UFPT,NOT_DOWNLOADED,HIGH
SNCR,NOT_DOWNLOADED,HIGH
PKST,NOT_DOWNLOADED,HIGH
RZLV,NOT_DOWNLOADED,HIGH
BGS,NOT_DOWNLOADED,HIGH
ARTNA,NOT_DOWNLOADED,HIGH
BMEA,NOT_DOWNLOADED,HIGH
IMAX,NOT_DOWNLOADED,HIGH
BGLC,NOT_DOWNLOADED,HIGH
ALMU,NOT_DOWNLOADED,HIGH
BEEM,NOT_DOWNLOADED,HIGH
WBX,NOT_DOWNLOADED,HIGH
ACHV,NOT_DOWNLOADED,HIGH
PRME,NOT_DOWNLOADED,HIGH
LNKS,NOT_DOWNLOADED,HIGH
ZIM,NOT_DOWNLOADED,HIGH
SMWB,NOT_DOWNLOADED,HIGH
SQFT,NOT_DOWNLOADED,HIGH
NXDR,NOT_DOWNLOADED,HIGH
ASLE,NOT_DOWNLOADED,HIGH
XTIA,NOT_DOWNLOADED,HIGH
CTS,NOT_DOWNLOADED,HIGH
KNOP,NOT_DOWNLOADED,HIGH
STSS,NOT_DOWNLOADED,HIGH
THFF,NOT_DOWNLOADED,HIGH
GCT,NOT_DOWNLOADED,HIGH
SGRP,NOT_DOWNLOADED,HIGH
ATRA,NOT_DOWNLOADED,HIGH
ODP,NOT_DOWNLOADED,HIGH
GTY,NOT_DOWNLOADED,HIGH
NVGS,NOT_DOWNLOADED,HIGH
OWLT,NOT_DOWNLOADED,HIGH
LMAT,NOT_DOWNLOADED,HIGH
LVWR,NOT_DOWNLOADED,HIGH
GILT,NOT_DOWNLOADED,HIGH
TYRA,NOT_DOWNLOADED,HIGH
IRWD,NOT_DOWNLOADED,HIGH
AIMD,NOT_DOWNLOADED,HIGH
NAUT,NOT_DOWNLOADED,HIGH
TANH,NOT_DOWNLOADED,HIGH
AGAE,NOT_DOWNLOADED,HIGH
SUPV,NOT_DOWNLOADED,HIGH
ABEO,NOT_DOWNLOADED,HIGH
CSTE,NOT_DOWNLOADED,HIGH
DYAI,NOT_DOWNLOADED,HIGH
ESLA,NOT_DOWNLOADED,HIGH
FPH,NOT_DOWNLOADED,HIGH
HTOO,NOT_DOWNLOADED,HIGH
ICHR,NOT_DOWNLOADED,HIGH
MGPI,NOT_DOWNLOADED,HIGH
MVST,NOT_DOWNLOADED,HIGH
GFAI,NOT_DOWNLOADED,HIGH
ATRO,NOT_DOWNLOADED,HIGH
LTRX,NOT_DOWNLOADED,HIGH
SSTI,NOT_DOWNLOADED,HIGH
PCB,NOT_DOWNLOADED,HIGH
EVTL,NOT_DOWNLOADED,HIGH
SVRA,NOT_DOWNLOADED,HIGH
VRA,NOT_DOWNLOADED,HIGH
NPWR,NOT_DOWNLOADED,HIGH
SNTI,NOT_DOWNLOADED,HIGH
HNNA,NOT_DOWNLOADED,HIGH
XRTX,NOT_DOWNLOADED,HIGH
CAAS,NOT_DOWNLOADED,HIGH
HNVR,NOT_DOWNLOADED,HIGH
ROMA,NOT_DOWNLOADED,HIGH
ABL,NOT_DOWNLOADED,HIGH
AGM,NOT_DOWNLOADED,HIGH
KRNY,NOT_DOWNLOADED,HIGH
SBH,NOT_DOWNLOADED,HIGH
TBN,NOT_DOWNLOADED,HIGH
CNOB,NOT_DOWNLOADED,HIGH
BZAI,NOT_DOWNLOADED,HIGH
PRHI,NOT_DOWNLOADED,HIGH
METCB,NOT_DOWNLOADED,HIGH
FBIZ,NOT_DOWNLOADED,HIGH
SPRB,NOT_DOWNLOADED,HIGH
SHMD,NOT_DOWNLOADED,HIGH
SNFCA,NOT_DOWNLOADED,HIGH
GGR,NOT_DOWNLOADED,HIGH
CLST,NOT_DOWNLOADED,HIGH
PLUT,NOT_DOWNLOADED,HIGH
HOTH,NOT_DOWNLOADED,HIGH
CGEM,NOT_DOWNLOADED,HIGH
ALDX,NOT_DOWNLOADED,HIGH
VSTD,NOT_DOWNLOADED,HIGH
PGNY,NOT_DOWNLOADED,HIGH
SPB,NOT_DOWNLOADED,HIGH
CEPU,NOT_DOWNLOADED,HIGH
CDZI,NOT_DOWNLOADED,HIGH
BCDA,NOT_DOWNLOADED,HIGH
NITO,NOT_DOWNLOADED,HIGH
PRSU,NOT_DOWNLOADED,HIGH
CWH,NOT_DOWNLOADED,HIGH
NMM,NOT_DOWNLOADED,HIGH
SPH,NOT_DOWNLOADED,HIGH
TRUG,NOT_DOWNLOADED,HIGH
BBNX,NOT_DOWNLOADED,HIGH
AMTB,NOT_DOWNLOADED,HIGH
ATMV,NOT_DOWNLOADED,HIGH
TPCS,NOT_DOWNLOADED,HIGH
BVS,NOT_DOWNLOADED,HIGH
EXOZ,NOT_DOWNLOADED,HIGH
MAMA,NOT_DOWNLOADED,HIGH
MGNX,NOT_DOWNLOADED,HIGH
SMID,NOT_DOWNLOADED,HIGH
GPMT,NOT_DOWNLOADED,HIGH
RANG,NOT_DOWNLOADED,HIGH
ICU,NOT_DOWNLOADED,HIGH
RDCM,NOT_DOWNLOADED,HIGH
COOT,NOT_DOWNLOADED,HIGH
EPOW,NOT_DOWNLOADED,HIGH
AVBC,NOT_DOWNLOADED,HIGH
BRCC,NOT_DOWNLOADED,HIGH
BTM,NOT_DOWNLOADED,HIGH
CENTA,NOT_DOWNLOADED,HIGH
KPRX,NOT_DOWNLOADED,HIGH
ATGL,NOT_DOWNLOADED,HIGH
OFAL,NOT_DOWNLOADED,HIGH
UHT,NOT_DOWNLOADED,HIGH
ACXP,NOT_DOWNLOADED,HIGH
SHIM,NOT_DOWNLOADED,HIGH
LGO,NOT_DOWNLOADED,HIGH
GALT,NOT_DOWNLOADED,HIGH
HBNB,NOT_DOWNLOADED,HIGH
SLS,NOT_DOWNLOADED,HIGH
WTBA,NOT_DOWNLOADED,HIGH
VFF,NOT_DOWNLOADED,HIGH
BMRA,NOT_DOWNLOADED,HIGH
NINE,NOT_DOWNLOADED,HIGH
OMSE,NOT_DOWNLOADED,HIGH
ANNA,NOT_DOWNLOADED,HIGH
FMAO,NOT_DOWNLOADED,HIGH
MTR,NOT_DOWNLOADED,HIGH
CLB,NOT_DOWNLOADED,HIGH
FULC,NOT_DOWNLOADED,HIGH
JSPR,NOT_DOWNLOADED,HIGH
DTCK,NOT_DOWNLOADED,HIGH
FMFC,NOT_DOWNLOADED,HIGH
EDTK,NOT_DOWNLOADED,HIGH
CTBI,NOT_DOWNLOADED,HIGH
USGO,NOT_DOWNLOADED,HIGH
EMPD,NOT_DOWNLOADED,HIGH
EGAN,NOT_DOWNLOADED,HIGH
FC,NOT_DOWNLOADED,HIGH
JYD,NOT_DOWNLOADED,HIGH
CRAI,NOT_DOWNLOADED,HIGH
ICON,NOT_DOWNLOADED,HIGH
GYRE,NOT_DOWNLOADED,HIGH
SVCO,NOT_DOWNLOADED,HIGH
SBFG,NOT_DOWNLOADED,HIGH
QDEL,NOT_DOWNLOADED,HIGH
FCEL,NOT_DOWNLOADED,HIGH
POET,NOT_DOWNLOADED,HIGH
VRAX,NOT_DOWNLOADED,HIGH
CARS,NOT_DOWNLOADED,HIGH
LADR,NOT_DOWNLOADED,HIGH
KMDA,NOT_DOWNLOADED,HIGH
ICCM,NOT_DOWNLOADED,HIGH
TTEC,NOT_DOWNLOADED,HIGH
OFS,NOT_DOWNLOADED,HIGH
LAZR,NOT_DOWNLOADED,HIGH
VERA,NOT_DOWNLOADED,HIGH
XWEL,NOT_DOWNLOADED,HIGH
TRAW,NOT_DOWNLOADED,HIGH
WFF,NOT_DOWNLOADED,HIGH
YHC,NOT_DOWNLOADED,HIGH
QVCGA,NOT_DOWNLOADED,HIGH
KGEI,NOT_DOWNLOADED,HIGH
GV,NOT_DOWNLOADED,HIGH
SRL,NOT_DOWNLOADED,HIGH
FGI,NOT_DOWNLOADED,HIGH
MYGN,NOT_DOWNLOADED,HIGH
AHH,NOT_DOWNLOADED,HIGH
BTBD,NOT_DOWNLOADED,HIGH
TSQ,NOT_DOWNLOADED,HIGH
BLNK,NOT_DOWNLOADED,HIGH
POLE,NOT_DOWNLOADED,HIGH
KTTA,NOT_DOWNLOADED,HIGH
DSGR,NOT_DOWNLOADED,HIGH
KVAC,NOT_DOWNLOADED,HIGH
SMBK,NOT_DOWNLOADED,HIGH
RFIL,NOT_DOWNLOADED,HIGH
ANSC,NOT_DOWNLOADED,HIGH
RPT,NOT_DOWNLOADED,HIGH
BNZI,NOT_DOWNLOADED,HIGH
SYPR,NOT_DOWNLOADED,HIGH
SPWH,NOT_DOWNLOADED,HIGH
IFBD,NOT_DOWNLOADED,HIGH
NTHI,NOT_DOWNLOADED,HIGH
UBCP,NOT_DOWNLOADED,HIGH
SNWV,NOT_DOWNLOADED,HIGH
IZM,NOT_DOWNLOADED,HIGH
KLRS,NOT_DOWNLOADED,HIGH
AFCG,NOT_DOWNLOADED,HIGH
SWIM,NOT_DOWNLOADED,HIGH
JFBR,NOT_DOWNLOADED,HIGH
ECPG,NOT_DOWNLOADED,HIGH
CHEK,NOT_DOWNLOADED,HIGH
AVXL,NOT_DOWNLOADED,HIGH
BTOC,NOT_DOWNLOADED,HIGH
SKK,NOT_DOWNLOADED,HIGH
ADGM,NOT_DOWNLOADED,HIGH
STIM,NOT_DOWNLOADED,HIGH
ERII,NOT_DOWNLOADED,HIGH
MBWM,NOT_DOWNLOADED,HIGH
MAN,NOT_DOWNLOADED,HIGH
PRCH,NOT_DOWNLOADED,HIGH
MNKD,NOT_DOWNLOADED,HIGH
EPWK,NOT_DOWNLOADED,HIGH
FORA,NOT_DOWNLOADED,HIGH
MBI,NOT_DOWNLOADED,HIGH
KBDC,NOT_DOWNLOADED,HIGH
ESPR,NOT_DOWNLOADED,HIGH
JVA,NOT_DOWNLOADED,HIGH
KDK,NOT_DOWNLOADED,HIGH
ORN,NOT_DOWNLOADED,HIGH
VVX,NOT_DOWNLOADED,HIGH
TBMC,NOT_DOWNLOADED,HIGH
RNAC,NOT_DOWNLOADED,HIGH
CBNA,NOT_DOWNLOADED,HIGH
NEPH,NOT_DOWNLOADED,HIGH
ACOG,NOT_DOWNLOADED,HIGH
MCB,NOT_DOWNLOADED,HIGH
GFR,NOT_DOWNLOADED,HIGH
PRLD,NOT_DOWNLOADED,HIGH
NVCT,NOT_DOWNLOADED,HIGH
GIII,NOT_DOWNLOADED,HIGH
YHNA,NOT_DOWNLOADED,HIGH
VEL,NOT_DOWNLOADED,HIGH
TRDA,NOT_DOWNLOADED,HIGH
TLSA,NOT_DOWNLOADED,HIGH
ANTA,NOT_DOWNLOADED,HIGH
RDAC,NOT_DOWNLOADED,HIGH
UFI,NOT_DOWNLOADED,HIGH
WBI,NOT_DOWNLOADED,HIGH
NEO,NOT_DOWNLOADED,HIGH
VUZI,NOT_DOWNLOADED,HIGH
SYRE,NOT_DOWNLOADED,HIGH
BELFB,NOT_DOWNLOADED,HIGH
FPAY,NOT_DOWNLOADED,HIGH
IRDM,NOT_DOWNLOADED,HIGH
HCWB,NOT_DOWNLOADED,HIGH
SI,NOT_DOWNLOADED,HIGH
APAD,NOT_DOWNLOADED,HIGH
TGE,NOT_DOWNLOADED,HIGH
ABTS,NOT_DOWNLOADED,HIGH
GRRR,NOT_DOWNLOADED,HIGH
HRMY,NOT_DOWNLOADED,HIGH
JOUT,NOT_DOWNLOADED,HIGH
ATHR,NOT_DOWNLOADED,HIGH
COLA,NOT_DOWNLOADED,HIGH
UFG,NOT_DOWNLOADED,HIGH
ZYBT,NOT_DOWNLOADED,HIGH
TIVC,NOT_DOWNLOADED,HIGH
AMSF,NOT_DOWNLOADED,HIGH
SURG,NOT_DOWNLOADED,HIGH
BBW,NOT_DOWNLOADED,HIGH
PDLB,NOT_DOWNLOADED,HIGH
SVAC,NOT_DOWNLOADED,HIGH
NESR,NOT_DOWNLOADED,HIGH
VHI,NOT_DOWNLOADED,HIGH
GMM,NOT_DOWNLOADED,HIGH
FISI,NOT_DOWNLOADED,HIGH
DENN,NOT_DOWNLOADED,HIGH
ELVN,NOT_DOWNLOADED,HIGH
SCWO,NOT_DOWNLOADED,HIGH
SKYX,NOT_DOWNLOADED,HIGH
INSG,NOT_DOWNLOADED,HIGH
LITM,NOT_DOWNLOADED,HIGH
CZWI,NOT_DOWNLOADED,HIGH
LEDS,NOT_DOWNLOADED,HIGH
MUX,NOT_DOWNLOADED,HIGH
ESQ,NOT_DOWNLOADED,HIGH
DRIO,NOT_DOWNLOADED,HIGH
SGU,NOT_DOWNLOADED,HIGH
SHEN,NOT_DOWNLOADED,HIGH
SEAT,NOT_DOWNLOADED,HIGH
BPRN,NOT_DOWNLOADED,HIGH
CECO,NOT_DOWNLOADED,HIGH
OACC,NOT_DOWNLOADED,HIGH
IPOD,NOT_DOWNLOADED,HIGH
EGBN,NOT_DOWNLOADED,HIGH
QUMS,NOT_DOWNLOADED,HIGH
PFSA,NOT_DOWNLOADED,HIGH
MSEX,NOT_DOWNLOADED,HIGH
BSET,NOT_DOWNLOADED,HIGH
MEGL,NOT_DOWNLOADED,HIGH
MGN,NOT_DOWNLOADED,HIGH
LOOP,NOT_DOWNLOADED,HIGH
LIEN,NOT_DOWNLOADED,HIGH
ARCO,NOT_DOWNLOADED,HIGH
OPFI,NOT_DOWNLOADED,HIGH
GSHD,NOT_DOWNLOADED,HIGH
STOK,NOT_DOWNLOADED,HIGH
GVH,NOT_DOWNLOADED,HIGH
TRSG,NOT_DOWNLOADED,HIGH
HGTY,NOT_DOWNLOADED,HIGH
EFSI,NOT_DOWNLOADED,HIGH
NWBI,NOT_DOWNLOADED,HIGH
NIC,NOT_DOWNLOADED,HIGH
CTRM,NOT_DOWNLOADED,HIGH
OAKU,NOT_DOWNLOADED,HIGH
LNAI,NOT_DOWNLOADED,HIGH
APPS,NOT_DOWNLOADED,HIGH
DTI,NOT_DOWNLOADED,HIGH
ZYME,NOT_DOWNLOADED,HIGH
TBHC,NOT_DOWNLOADED,HIGH
AIN,NOT_DOWNLOADED,HIGH
ALTG,NOT_DOWNLOADED,HIGH
SUPX,NOT_DOWNLOADED,HIGH
AREB,NOT_DOWNLOADED,HIGH
ARCB,NOT_DOWNLOADED,HIGH
SKYE,NOT_DOWNLOADED,HIGH
PRTS,NOT_DOWNLOADED,HIGH
GNLX,NOT_DOWNLOADED,HIGH
TACH,NOT_DOWNLOADED,HIGH
AIRS,NOT_DOWNLOADED,HIGH
FEIM,NOT_DOWNLOADED,HIGH
MIRA,NOT_DOWNLOADED,HIGH
TACT,NOT_DOWNLOADED,HIGH
CSGS,NOT_DOWNLOADED,HIGH
MESA,NOT_DOWNLOADED,HIGH
OABI,NOT_DOWNLOADED,HIGH
MGIH,NOT_DOWNLOADED,HIGH
OCC,NOT_DOWNLOADED,HIGH
CPIX,NOT_DOWNLOADED,HIGH
JFB,NOT_DOWNLOADED,HIGH
LGN,NOT_DOWNLOADED,HIGH
SSSS,NOT_DOWNLOADED,HIGH
FRST,NOT_DOWNLOADED,HIGH
AEI,NOT_DOWNLOADED,HIGH
KPLT,NOT_DOWNLOADED,HIGH
NUKK,NOT_DOWNLOADED,HIGH
SD,NOT_DOWNLOADED,HIGH
SRDX,NOT_DOWNLOADED,HIGH
GSL,NOT_DOWNLOADED,HIGH
MDRR,NOT_DOWNLOADED,HIGH
AVBP,NOT_DOWNLOADED,HIGH
TVAI,NOT_DOWNLOADED,HIGH
IVVD,NOT_DOWNLOADED,HIGH
HSCS,NOT_DOWNLOADED,HIGH
LQDA,NOT_DOWNLOADED,HIGH
SOBR,NOT_DOWNLOADED,HIGH
RKDA,NOT_DOWNLOADED,HIGH
PVLA,NOT_DOWNLOADED,HIGH
GPRK,NOT_DOWNLOADED,HIGH
ZSPC,NOT_DOWNLOADED,HIGH
TSBK,NOT_DOWNLOADED,HIGH
VRM,NOT_DOWNLOADED,HIGH
TORO,NOT_DOWNLOADED,HIGH
ARHS,NOT_DOWNLOADED,HIGH
NGL,NOT_DOWNLOADED,HIGH
CBUS,NOT_DOWNLOADED,HIGH
HFBL,NOT_DOWNLOADED,HIGH
SHPH,NOT_DOWNLOADED,HIGH
ATYR,NOT_DOWNLOADED,HIGH
CSR,NOT_DOWNLOADED,HIGH
CEVA,NOT_DOWNLOADED,HIGH
DLNG,NOT_DOWNLOADED,HIGH
FKWL,NOT_DOWNLOADED,HIGH
BENF,NOT_DOWNLOADED,HIGH
SRI,NOT_DOWNLOADED,HIGH
GOOD,NOT_DOWNLOADED,HIGH
CMND,NOT_DOWNLOADED,HIGH
CHMG,NOT_DOWNLOADED,HIGH
OSPN,NOT_DOWNLOADED,HIGH
DRCT,NOT_DOWNLOADED,HIGH
VCEL,NOT_DOWNLOADED,HIGH
LXRX,NOT_DOWNLOADED,HIGH
ADUR,NOT_DOWNLOADED,HIGH
KRRO,NOT_DOWNLOADED,HIGH
MODD,NOT_DOWNLOADED,HIGH
DOMH,NOT_DOWNLOADED,HIGH
CINT,NOT_DOWNLOADED,HIGH
USCB,NOT_DOWNLOADED,HIGH
RSSS,NOT_DOWNLOADED,HIGH
VTLE,NOT_DOWNLOADED,HIGH
SOTK,NOT_DOWNLOADED,HIGH
GIFT,NOT_DOWNLOADED,HIGH
BANX,NOT_DOWNLOADED,HIGH
MAGH,NOT_DOWNLOADED,HIGH
EUDA,NOT_DOWNLOADED,HIGH
SKIL,NOT_DOWNLOADED,HIGH
YYAI,NOT_DOWNLOADED,HIGH
SES,NOT_DOWNLOADED,HIGH
CHCI,NOT_DOWNLOADED,HIGH
ADNT,NOT_DOWNLOADED,HIGH
LCFY,NOT_DOWNLOADED,HIGH
RNTX,NOT_DOWNLOADED,HIGH
PLAY,NOT_DOWNLOADED,HIGH
YMAT,NOT_DOWNLOADED,HIGH
PNNT,NOT_DOWNLOADED,HIGH
THAR,NOT_DOWNLOADED,HIGH
SLQT,NOT_DOWNLOADED,HIGH
KOP,NOT_DOWNLOADED,HIGH
FSLY,NOT_DOWNLOADED,HIGH
AIRJ,NOT_DOWNLOADED,HIGH
DNUT,NOT_DOWNLOADED,HIGH
PTIX,NOT_DOWNLOADED,HIGH
SNOA,NOT_DOWNLOADED,HIGH
VINP,NOT_DOWNLOADED,HIGH
AMWL,NOT_DOWNLOADED,HIGH
BLBD,NOT_DOWNLOADED,HIGH
MBOT,NOT_DOWNLOADED,HIGH
UIS,NOT_DOWNLOADED,HIGH
SGC,NOT_DOWNLOADED,HIGH
PERF,NOT_DOWNLOADED,HIGH
BCSF,NOT_DOWNLOADED,HIGH
OIS,NOT_DOWNLOADED,HIGH
STKE,NOT_DOWNLOADED,HIGH
ALX,NOT_DOWNLOADED,HIGH
COFS,NOT_DOWNLOADED,HIGH
CHR,NOT_DOWNLOADED,HIGH
SMC,NOT_DOWNLOADED,HIGH
BIOA,NOT_DOWNLOADED,HIGH
FIEE,NOT_DOWNLOADED,HIGH
VSTS,NOT_DOWNLOADED,HIGH
VTS,NOT_DOWNLOADED,HIGH
ENOV,NOT_DOWNLOADED,HIGH
TNGX,NOT_DOWNLOADED,HIGH
PLRX,NOT_DOWNLOADED,HIGH
AAME,NOT_DOWNLOADED,HIGH
THRY,NOT_DOWNLOADED,HIGH
WALD,NOT_DOWNLOADED,HIGH
PHUN,NOT_DOWNLOADED,HIGH
ABOS,NOT_DOWNLOADED,HIGH
MYPS,NOT_DOWNLOADED,HIGH
SLNG,NOT_DOWNLOADED,HIGH
CMTG,NOT_DOWNLOADED,HIGH
NKSH,NOT_DOWNLOADED,HIGH
ARLO,NOT_DOWNLOADED,HIGH
GRAN,NOT_DOWNLOADED,HIGH
GPRO,NOT_DOWNLOADED,HIGH
SUUN,NOT_DOWNLOADED,HIGH
AEBI,NOT_DOWNLOADED,HIGH
IQST,NOT_DOWNLOADED,HIGH
APVO,NOT_DOWNLOADED,HIGH
ADCT,NOT_DOWNLOADED,HIGH
DUOT,NOT_DOWNLOADED,HIGH
ZCMD,NOT_DOWNLOADED,HIGH
HOUS,NOT_DOWNLOADED,HIGH
NMRA,NOT_DOWNLOADED,HIGH
WASH,NOT_DOWNLOADED,HIGH
DNOW,NOT_DOWNLOADED,HIGH
ENSC,NOT_DOWNLOADED,HIGH
UWMC,NOT_DOWNLOADED,HIGH
GENK,NOT_DOWNLOADED,HIGH
ALIT,NOT_DOWNLOADED,HIGH
HOUR,NOT_DOWNLOADED,HIGH
PWP,NOT_DOWNLOADED,HIGH
BGSF,NOT_DOWNLOADED,HIGH
APLM,NOT_DOWNLOADED,HIGH
HTO,NOT_DOWNLOADED,HIGH
INO,NOT_DOWNLOADED,HIGH
CLRO,NOT_DOWNLOADED,HIGH
BKV,NOT_DOWNLOADED,HIGH
DKI,NOT_DOWNLOADED,HIGH
IBCP,NOT_DOWNLOADED,HIGH
HOPE,NOT_DOWNLOADED,HIGH
HPAI,NOT_DOWNLOADED,HIGH
GLDD,NOT_DOWNLOADED,HIGH
CTKB,NOT_DOWNLOADED,HIGH
ACTG,NOT_DOWNLOADED,HIGH
BELFA,NOT_DOWNLOADED,HIGH
SABS,NOT_DOWNLOADED,HIGH
IKT,NOT_DOWNLOADED,HIGH
UTI,NOT_DOWNLOADED,HIGH
TXMD,NOT_DOWNLOADED,HIGH
FTEL,NOT_DOWNLOADED,HIGH
AGL,NOT_DOWNLOADED,HIGH
VRNT,NOT_DOWNLOADED,HIGH
PTLO,NOT_DOWNLOADED,HIGH
GNPX,NOT_DOWNLOADED,HIGH
NAVI,NOT_DOWNLOADED,HIGH
CRE,NOT_DOWNLOADED,HIGH
VSTA,NOT_DOWNLOADED,HIGH
ADIL,NOT_DOWNLOADED,HIGH
GYRO,NOT_DOWNLOADED,HIGH
CTNT,NOT_DOWNLOADED,HIGH
LICN,NOT_DOWNLOADED,HIGH
DNA,NOT_DOWNLOADED,HIGH
BNTC,NOT_DOWNLOADED,HIGH
JBSS,NOT_DOWNLOADED,HIGH
SBLX,NOT_DOWNLOADED,HIGH
PRA,NOT_DOWNLOADED,HIGH
UVV,NOT_DOWNLOADED,HIGH
SAMG,NOT_DOWNLOADED,HIGH
TWNP,NOT_DOWNLOADED,HIGH
PBT,NOT_DOWNLOADED,HIGH
PRGS,NOT_DOWNLOADED,HIGH
SBR,NOT_DOWNLOADED,HIGH
AVDL,NOT_DOWNLOADED,HIGH
GERN,NOT_DOWNLOADED,HIGH
ONFO,NOT_DOWNLOADED,HIGH
BHRB,NOT_DOWNLOADED,HIGH
IMXI,NOT_DOWNLOADED,HIGH
CMDB,NOT_DOWNLOADED,HIGH
ESOA,NOT_DOWNLOADED,HIGH
SUNS,NOT_DOWNLOADED,HIGH
DOUG,NOT_DOWNLOADED,HIGH
BFC,NOT_DOWNLOADED,HIGH
NLOP,NOT_DOWNLOADED,HIGH
FLOC,NOT_DOWNLOADED,HIGH
RENT,NOT_DOWNLOADED,HIGH
NEOG,NOT_DOWNLOADED,HIGH
RPID,NOT_DOWNLOADED,HIGH
CTXR,NOT_DOWNLOADED,HIGH
CTEV,NOT_DOWNLOADED,HIGH
CETX,NOT_DOWNLOADED,HIGH
LAC,NOT_DOWNLOADED,HIGH
RR,NOT_DOWNLOADED,HIGH
LFMD,NOT_DOWNLOADED,HIGH
ISPR,NOT_DOWNLOADED,HIGH
RFAI,NOT_DOWNLOADED,HIGH
NKTX,NOT_DOWNLOADED,HIGH
FWRD,NOT_DOWNLOADED,HIGH
SKIN,NOT_DOWNLOADED,HIGH
VALU,NOT_DOWNLOADED,HIGH
GMGI,NOT_DOWNLOADED,HIGH
ELVA,NOT_DOWNLOADED,HIGH
TLS,NOT_DOWNLOADED,HIGH
SDRL,NOT_DOWNLOADED,HIGH
ASIX,NOT_DOWNLOADED,HIGH
OSRH,NOT_DOWNLOADED,HIGH
MTVA,NOT_DOWNLOADED,HIGH
ASPI,NOT_DOWNLOADED,HIGH
AOMR,NOT_DOWNLOADED,HIGH
SELF,NOT_DOWNLOADED,HIGH
EOLS,NOT_DOWNLOADED,HIGH
GLBZ,NOT_DOWNLOADED,HIGH
COPL,NOT_DOWNLOADED,HIGH
AIRT,NOT_DOWNLOADED,HIGH
FINW,NOT_DOWNLOADED,HIGH
ARDX,NOT_DOWNLOADED,HIGH
FCHL,NOT_DOWNLOADED,HIGH
MITT,NOT_DOWNLOADED,HIGH
GNL,NOT_DOWNLOADED,HIGH
FARM,NOT_DOWNLOADED,HIGH
BACQ,NOT_DOWNLOADED,HIGH
JILL,NOT_DOWNLOADED,HIGH
XBP,NOT_DOWNLOADED,HIGH
ETHZ,NOT_DOWNLOADED,HIGH
MGTX,NOT_DOWNLOADED,HIGH
MNTK,NOT_DOWNLOADED,HIGH
LCNB,NOT_DOWNLOADED,HIGH
PVL,NOT_DOWNLOADED,HIGH
KITT,NOT_DOWNLOADED,HIGH
NN,NOT_DOWNLOADED,HIGH
AVNW,NOT_DOWNLOADED,HIGH
HNRG,NOT_DOWNLOADED,HIGH
TBI,NOT_DOWNLOADED,HIGH
MRC,NOT_DOWNLOADED,HIGH
PAVS,NOT_DOWNLOADED,HIGH
CBK,NOT_DOWNLOADED,HIGH
EPC,NOT_DOWNLOADED,HIGH
VERU,NOT_DOWNLOADED,HIGH
MDXH,NOT_DOWNLOADED,HIGH
FONR,NOT_DOWNLOADED,HIGH
RAPP,NOT_DOWNLOADED,HIGH
ATNI,NOT_DOWNLOADED,HIGH
DXPE,NOT_DOWNLOADED,HIGH
PMVP,NOT_DOWNLOADED,HIGH
PBBK,NOT_DOWNLOADED,HIGH
KLTR,NOT_DOWNLOADED,HIGH
IOTR,NOT_DOWNLOADED,HIGH
CSTL,NOT_DOWNLOADED,HIGH
APEI,NOT_DOWNLOADED,HIGH
INSE,NOT_DOWNLOADED,HIGH
CFBK,NOT_DOWNLOADED,HIGH
GTIM,NOT_DOWNLOADED,HIGH
DXLG,NOT_DOWNLOADED,HIGH
ANEB,NOT_DOWNLOADED,HIGH
BYRN,NOT_DOWNLOADED,HIGH
SMTK,NOT_DOWNLOADED,HIGH
DEFT,NOT_DOWNLOADED,HIGH
AERT,NOT_DOWNLOADED,HIGH
BRLS,NOT_DOWNLOADED,HIGH
NCDL,NOT_DOWNLOADED,HIGH
YORW,NOT_DOWNLOADED,HIGH
PAII,NOT_DOWNLOADED,HIGH
PN,NOT_DOWNLOADED,HIGH
BLMN,NOT_DOWNLOADED,HIGH
LASE,NOT_DOWNLOADED,HIGH
REKR,NOT_DOWNLOADED,HIGH
CAC,NOT_DOWNLOADED,HIGH
GRNT,NOT_DOWNLOADED,HIGH
JAKK,NOT_DOWNLOADED,HIGH
IDN,NOT_DOWNLOADED,HIGH
KLC,NOT_DOWNLOADED,HIGH
HOV,NOT_DOWNLOADED,HIGH
SNDA,NOT_DOWNLOADED,HIGH
LSH,NOT_DOWNLOADED,HIGH
DEVS,NOT_DOWNLOADED,HIGH
UPLD,NOT_DOWNLOADED,HIGH
SUGP,NOT_DOWNLOADED,HIGH
MASK,NOT_DOWNLOADED,HIGH
SDGR,NOT_DOWNLOADED,HIGH
CZFS,NOT_DOWNLOADED,HIGH
GIPR,NOT_DOWNLOADED,HIGH
CAL,NOT_DOWNLOADED,HIGH
FOFO,NOT_DOWNLOADED,HIGH
CNNE,NOT_DOWNLOADED,HIGH
PXED,NOT_DOWNLOADED,HIGH
ABLV,NOT_DOWNLOADED,HIGH
RCAT,NOT_DOWNLOADED,HIGH
SONO,NOT_DOWNLOADED,HIGH
HOLO,NOT_DOWNLOADED,HIGH
CCCC,NOT_DOWNLOADED,HIGH
AMPX,NOT_DOWNLOADED,HIGH
RVLV,NOT_DOWNLOADED,HIGH
CHAR,NOT_DOWNLOADED,HIGH
LXFR,NOT_DOWNLOADED,HIGH
BRAG,NOT_DOWNLOADED,HIGH
GIC,NOT_DOWNLOADED,HIGH
INBK,NOT_DOWNLOADED,HIGH
SZZL,NOT_DOWNLOADED,HIGH
SERA,NOT_DOWNLOADED,HIGH
HOND,NOT_DOWNLOADED,HIGH
ALLR,NOT_DOWNLOADED,HIGH
JRSH,NOT_DOWNLOADED,HIGH
ACIU,NOT_DOWNLOADED,HIGH
LQDT,NOT_DOWNLOADED,HIGH
LITS,NOT_DOWNLOADED,HIGH
TBPH,NOT_DOWNLOADED,HIGH
DERM,NOT_DOWNLOADED,HIGH
FOSL,NOT_DOWNLOADED,HIGH
VATE,NOT_DOWNLOADED,HIGH
BWMN,NOT_DOWNLOADED,HIGH
ATLC,NOT_DOWNLOADED,HIGH
TGHL,NOT_DOWNLOADED,HIGH
SDST,NOT_DOWNLOADED,HIGH
YYGH,NOT_DOWNLOADED,HIGH
SLNH,NOT_DOWNLOADED,HIGH
GIG,NOT_DOWNLOADED,HIGH
KZR,NOT_DOWNLOADED,HIGH
PLAB,NOT_DOWNLOADED,HIGH
SMRT,NOT_DOWNLOADED,HIGH
AEC,NOT_DOWNLOADED,HIGH
DFSC,NOT_DOWNLOADED,HIGH
ODC,NOT_DOWNLOADED,HIGH
SAGT,NOT_DOWNLOADED,HIGH
UOKA,NOT_DOWNLOADED,HIGH
SLGL,NOT_DOWNLOADED,HIGH
SENEB,NOT_DOWNLOADED,HIGH
ODV,NOT_DOWNLOADED,HIGH
STRO,NOT_DOWNLOADED,HIGH
NPCE,NOT_DOWNLOADED,HIGH
SLRX,NOT_DOWNLOADED,HIGH
RES,NOT_DOWNLOADED,HIGH
ANGX,NOT_DOWNLOADED,HIGH
ASNS,NOT_DOWNLOADED,HIGH
PDSB,NOT_DOWNLOADED,HIGH
CALC,NOT_DOWNLOADED,HIGH
PBFS,NOT_DOWNLOADED,HIGH
VTGN,NOT_DOWNLOADED,HIGH
GLBS,NOT_DOWNLOADED,HIGH
GTN,NOT_DOWNLOADED,HIGH
CLIK,NOT_DOWNLOADED,HIGH
MYNZ,NOT_DOWNLOADED,HIGH
SOPH,NOT_DOWNLOADED,HIGH
PMAX,NOT_DOWNLOADED,HIGH
DIN,NOT_DOWNLOADED,HIGH
LOBO,NOT_DOWNLOADED,HIGH
MAXN,NOT_DOWNLOADED,HIGH
CDTG,NOT_DOWNLOADED,HIGH
TRC,NOT_DOWNLOADED,HIGH
TBH,NOT_DOWNLOADED,HIGH
SRBK,NOT_DOWNLOADED,HIGH
WKSP,NOT_DOWNLOADED,HIGH
BCG,NOT_DOWNLOADED,HIGH
OP,NOT_DOWNLOADED,HIGH
KWM,NOT_DOWNLOADED,HIGH
SVC,NOT_DOWNLOADED,HIGH
XNCR,NOT_DOWNLOADED,HIGH
INKT,NOT_DOWNLOADED,HIGH
SEER,NOT_DOWNLOADED,HIGH
ENR,NOT_DOWNLOADED,HIGH
DTSQ,NOT_DOWNLOADED,HIGH
WOW,NOT_DOWNLOADED,HIGH
MB,NOT_DOWNLOADED,HIGH
CTRN,NOT_DOWNLOADED,HIGH
ECBK,NOT_DOWNLOADED,HIGH
AIOT,NOT_DOWNLOADED,HIGH
VERO,NOT_DOWNLOADED,HIGH
REBN,NOT_DOWNLOADED,HIGH
IMA,NOT_DOWNLOADED,HIGH
ANDE,NOT_DOWNLOADED,HIGH
LVO,NOT_DOWNLOADED,HIGH
CRIS,NOT_DOWNLOADED,HIGH
ROCK,NOT_DOWNLOADED,HIGH
OBK,NOT_DOWNLOADED,HIGH
ALLO,NOT_DOWNLOADED,HIGH
FSEA,NOT_DOWNLOADED,HIGH
NA,NOT_DOWNLOADED,HIGH
FLD,NOT_DOWNLOADED,HIGH
TIPT,NOT_DOWNLOADED,HIGH
PPCB,NOT_DOWNLOADED,HIGH
CLGN,NOT_DOWNLOADED,HIGH
TLRY,NOT_DOWNLOADED,HIGH
SIBN,NOT_DOWNLOADED,HIGH
NC,NOT_DOWNLOADED,HIGH
VBIX,NOT_DOWNLOADED,HIGH
GOSS,NOT_DOWNLOADED,HIGH
IMNN,NOT_DOWNLOADED,HIGH
NB,NOT_DOWNLOADED,HIGH
JDZG,NOT_DOWNLOADED,HIGH
INVX,NOT_DOWNLOADED,HIGH
AISP,NOT_DOWNLOADED,HIGH
OSUR,NOT_DOWNLOADED,HIGH
MGRX,NOT_DOWNLOADED,HIGH
VWAV,NOT_DOWNLOADED,HIGH
ACCO,NOT_DOWNLOADED,HIGH
FNWB,NOT_DOWNLOADED,HIGH
MTRX,NOT_DOWNLOADED,HIGH
PD,NOT_DOWNLOADED,HIGH
GEVO,NOT_DOWNLOADED,HIGH
MKZR,NOT_DOWNLOADED,HIGH
IRIX,NOT_DOWNLOADED,HIGH
TTRX,NOT_DOWNLOADED,HIGH
MDWD,NOT_DOWNLOADED,HIGH
EFSC,NOT_DOWNLOADED,HIGH
BAYA,NOT_DOWNLOADED,HIGH
KURA,NOT_DOWNLOADED,HIGH
INCR,NOT_DOWNLOADED,HIGH
PELI,NOT_DOWNLOADED,HIGH
BRFH,NOT_DOWNLOADED,HIGH
PUMP,NOT_DOWNLOADED,HIGH
LWLG,NOT_DOWNLOADED,HIGH
AQST,NOT_DOWNLOADED,HIGH
GBLI,NOT_DOWNLOADED,HIGH
LPCN,NOT_DOWNLOADED,HIGH
ELBM,NOT_DOWNLOADED,HIGH
SKWD,NOT_DOWNLOADED,HIGH
AGRZ,NOT_DOWNLOADED,HIGH
KOSS,NOT_DOWNLOADED,HIGH
AIRO,NOT_DOWNLOADED,HIGH
HCHL,NOT_DOWNLOADED,HIGH
COHU,NOT_DOWNLOADED,HIGH
WBUY,NOT_DOWNLOADED,HIGH
IIIN,NOT_DOWNLOADED,HIGH
SJ,NOT_DOWNLOADED,HIGH
SNES,NOT_DOWNLOADED,HIGH
APYX,NOT_DOWNLOADED,HIGH
FLGC,NOT_DOWNLOADED,HIGH
DVAX,NOT_DOWNLOADED,HIGH
RNXT,NOT_DOWNLOADED,HIGH
GPRE,NOT_DOWNLOADED,HIGH
CODI,NOT_DOWNLOADED,HIGH
TREE,NOT_DOWNLOADED,HIGH
PROK,NOT_DOWNLOADED,HIGH
GEL,NOT_DOWNLOADED,HIGH
TARA,NOT_DOWNLOADED,HIGH
SAIH,NOT_DOWNLOADED,HIGH
FIGS,NOT_DOWNLOADED,HIGH
SPFI,NOT_DOWNLOADED,HIGH
FRD,NOT_DOWNLOADED,HIGH
THCH,NOT_DOWNLOADED,HIGH
SSYS,NOT_DOWNLOADED,HIGH
PENG,NOT_DOWNLOADED,HIGH
MFH,NOT_DOWNLOADED,HIGH
SEM,NOT_DOWNLOADED,HIGH
AEXA,NOT_DOWNLOADED,HIGH
ALT,NOT_DOWNLOADED,HIGH
OXBR,NOT_DOWNLOADED,HIGH
PMCB,NOT_DOWNLOADED,HIGH
GBFH,NOT_DOWNLOADED,HIGH
YSXT,NOT_DOWNLOADED,HIGH
PESI,NOT_DOWNLOADED,HIGH
KMT,NOT_DOWNLOADED,HIGH
CVRX,NOT_DOWNLOADED,HIGH
LASR,NOT_DOWNLOADED,HIGH
CLNN,NOT_DOWNLOADED,HIGH
RYAM,NOT_DOWNLOADED,HIGH
TACO,NOT_DOWNLOADED,HIGH
LSPD,NOT_DOWNLOADED,HIGH
WETH,NOT_DOWNLOADED,HIGH
CAPL,NOT_DOWNLOADED,HIGH
KW,NOT_DOWNLOADED,HIGH
LZM,NOT_DOWNLOADED,HIGH
IMMR,NOT_DOWNLOADED,HIGH
PEPG,NOT_DOWNLOADED,HIGH
CSIQ,NOT_DOWNLOADED,HIGH
GLXG,NOT_DOWNLOADED,HIGH
BLX,NOT_DOWNLOADED,HIGH
SPIR,NOT_DOWNLOADED,HIGH
DCGO,NOT_DOWNLOADED,HIGH
NISN,NOT_DOWNLOADED,HIGH
UDMY,NOT_DOWNLOADED,HIGH
KCHV,NOT_DOWNLOADED,HIGH
HSPO,NOT_DOWNLOADED,HIGH
MED,NOT_DOWNLOADED,HIGH
CGCT,NOT_DOWNLOADED,HIGH
FOR,NOT_DOWNLOADED,HIGH
CVV,NOT_DOWNLOADED,HIGH
XOS,NOT_DOWNLOADED,HIGH
SDHC,NOT_DOWNLOADED,HIGH
CUPR,NOT_DOWNLOADED,HIGH
AOUT,NOT_DOWNLOADED,HIGH
APM,NOT_DOWNLOADED,HIGH
UNCY,NOT_DOWNLOADED,HIGH
AFYA,NOT_DOWNLOADED,HIGH
ARKR,NOT_DOWNLOADED,HIGH
WGO,NOT_DOWNLOADED,HIGH
OXSQ,NOT_DOWNLOADED,HIGH
NRT,NOT_DOWNLOADED,HIGH
IRBT,NOT_DOWNLOADED,HIGH
WAI,NOT_DOWNLOADED,HIGH
BALY,NOT_DOWNLOADED,HIGH
CEPT,NOT_DOWNLOADED,HIGH
JXG,NOT_DOWNLOADED,HIGH
PHOE,NOT_DOWNLOADED,HIGH
SORA,NOT_DOWNLOADED,HIGH
IMUX,NOT_DOWNLOADED,HIGH
TNDM,NOT_DOWNLOADED,HIGH
WETO,NOT_DOWNLOADED,HIGH
WERN,NOT_DOWNLOADED,HIGH
OBA,NOT_DOWNLOADED,HIGH
PRTA,NOT_DOWNLOADED,HIGH
NVFY,NOT_DOWNLOADED,HIGH
LSBK,NOT_DOWNLOADED,HIGH
IGIC,NOT_DOWNLOADED,HIGH
MOVE,NOT_DOWNLOADED,HIGH
STBA,NOT_DOWNLOADED,HIGH
VMEO,NOT_DOWNLOADED,HIGH
MBRX,NOT_DOWNLOADED,HIGH
STAA,NOT_DOWNLOADED,HIGH
BRID,NOT_DOWNLOADED,HIGH
KFRC,NOT_DOWNLOADED,HIGH
SPCB,NOT_DOWNLOADED,HIGH
BAFN,NOT_DOWNLOADED,HIGH
AVTX,NOT_DOWNLOADED,HIGH
CCII,NOT_DOWNLOADED,HIGH
VNME,NOT_DOWNLOADED,HIGH
YHGJ,NOT_DOWNLOADED,HIGH
AIFF,NOT_DOWNLOADED,HIGH
FCUV,NOT_DOWNLOADED,HIGH
PASG,NOT_DOWNLOADED,HIGH
QSEA,NOT_DOWNLOADED,HIGH
HHS,NOT_DOWNLOADED,HIGH
TIRX,NOT_DOWNLOADED,HIGH
GDTC,NOT_DOWNLOADED,HIGH
HITI,NOT_DOWNLOADED,HIGH
BMHL,NOT_DOWNLOADED,HIGH
CURI,NOT_DOWNLOADED,HIGH
FVRR,NOT_DOWNLOADED,HIGH
CRAQ,NOT_DOWNLOADED,HIGH
QCRH,NOT_DOWNLOADED,HIGH
RYI,NOT_DOWNLOADED,HIGH
BOOM,NOT_DOWNLOADED,HIGH
MASS,NOT_DOWNLOADED,HIGH
SPOK,NOT_DOWNLOADED,HIGH
SAFE,NOT_DOWNLOADED,HIGH
XOMA,NOT_DOWNLOADED,HIGH
CSV,NOT_DOWNLOADED,HIGH
CNMD,NOT_DOWNLOADED,HIGH
MATW,NOT_DOWNLOADED,HIGH
AZI,NOT_DOWNLOADED,HIGH
REAX,NOT_DOWNLOADED,HIGH
RPTX,NOT_DOWNLOADED,HIGH
PSHG,NOT_DOWNLOADED,HIGH
LARK,NOT_DOWNLOADED,HIGH
RAMP,NOT_DOWNLOADED,HIGH
EYPT,NOT_DOWNLOADED,HIGH
FTK,NOT_DOWNLOADED,HIGH
MNDR,NOT_DOWNLOADED,HIGH
CFSB,NOT_DOWNLOADED,HIGH
GP,NOT_DOWNLOADED,HIGH
YEXT,NOT_DOWNLOADED,HIGH
PROV,NOT_DOWNLOADED,HIGH
ALF,NOT_DOWNLOADED,HIGH
HOWL,NOT_DOWNLOADED,HIGH
ASRV,NOT_DOWNLOADED,HIGH
BACC,NOT_DOWNLOADED,HIGH
MRCC,NOT_DOWNLOADED,HIGH
ULCC,NOT_DOWNLOADED,HIGH
HOFT,NOT_DOWNLOADED,HIGH
ASPN,NOT_DOWNLOADED,HIGH
FOXF,NOT_DOWNLOADED,HIGH
FLWS,NOT_DOWNLOADED,HIGH
INBX,NOT_DOWNLOADED,HIGH
RBCAA,NOT_DOWNLOADED,HIGH
USIO,NOT_DOWNLOADED,HIGH
ERAS,NOT_DOWNLOADED,HIGH
GDYN,NOT_DOWNLOADED,HIGH
LMNR,NOT_DOWNLOADED,HIGH
BCML,NOT_DOWNLOADED,HIGH
HSHP,NOT_DOWNLOADED,HIGH
COCP,NOT_DOWNLOADED,HIGH
SPPL,NOT_DOWNLOADED,HIGH
AGMH,NOT_DOWNLOADED,HIGH
MEG,NOT_DOWNLOADED,HIGH
TBLA,NOT_DOWNLOADED,HIGH
ZBIO,NOT_DOWNLOADED,HIGH
SFL,NOT_DOWNLOADED,HIGH
EQBK,NOT_DOWNLOADED,HIGH
HURA,NOT_DOWNLOADED,HIGH
ORBS,NOT_DOWNLOADED,HIGH
ALMS,NOT_DOWNLOADED,HIGH
BFIN,NOT_DOWNLOADED,HIGH
INTG,NOT_DOWNLOADED,HIGH
MPX,NOT_DOWNLOADED,HIGH
GRWG,NOT_DOWNLOADED,HIGH
KXIN,NOT_DOWNLOADED,HIGH
FBRX,NOT_DOWNLOADED,HIGH
RECT,NOT_DOWNLOADED,HIGH
OEC,NOT_DOWNLOADED,HIGH
GURE,NOT_DOWNLOADED,HIGH
IAS,NOT_DOWNLOADED,HIGH
SLP,NOT_DOWNLOADED,HIGH
INNV,NOT_DOWNLOADED,HIGH
OVBC,NOT_DOWNLOADED,HIGH
SCL,NOT_DOWNLOADED,HIGH
GITS,NOT_DOWNLOADED,HIGH
DLTH,NOT_DOWNLOADED,HIGH
RCMT,NOT_DOWNLOADED,HIGH
ARBB,NOT_DOWNLOADED,HIGH
DBVT,NOT_DOWNLOADED,HIGH
ARVN,NOT_DOWNLOADED,HIGH
HIHO,NOT_DOWNLOADED,HIGH
DBGI,NOT_DOWNLOADED,HIGH
ZYXI,NOT_DOWNLOADED,HIGH
SWVL,NOT_DOWNLOADED,HIGH
DRH,NOT_DOWNLOADED,HIGH
GAME,NOT_DOWNLOADED,HIGH
VYNE,NOT_DOWNLOADED,HIGH
NXXT,NOT_DOWNLOADED,HIGH
ALTO,NOT_DOWNLOADED,HIGH
SONM,NOT_DOWNLOADED,HIGH
EGHT,NOT_DOWNLOADED,HIGH
BANL,NOT_DOWNLOADED,HIGH
GASS,NOT_DOWNLOADED,HIGH
LE,NOT_DOWNLOADED,HIGH
HTCO,NOT_DOWNLOADED,HIGH
VRAR,NOT_DOWNLOADED,HIGH
HURC,NOT_DOWNLOADED,HIGH
VTEX,NOT_DOWNLOADED,HIGH
VIR,NOT_DOWNLOADED,HIGH
NSP,NOT_DOWNLOADED,HIGH
MRAM,NOT_DOWNLOADED,HIGH
RBBN,NOT_DOWNLOADED,HIGH
CMRC,NOT_DOWNLOADED,HIGH
WSBK,NOT_DOWNLOADED,HIGH
DXYZ,NOT_DOWNLOADED,HIGH
CVEO,NOT_DOWNLOADED,HIGH
LBGJ,NOT_DOWNLOADED,HIGH
NUVB,NOT_DOWNLOADED,HIGH
STAK,NOT_DOWNLOADED,HIGH
LVLU,NOT_DOWNLOADED,HIGH
XIFR,NOT_DOWNLOADED,HIGH
ORGO,NOT_DOWNLOADED,HIGH
PCAP,NOT_DOWNLOADED,HIGH
HKIT,NOT_DOWNLOADED,HIGH
FDP,NOT_DOWNLOADED,HIGH
WEN,NOT_DOWNLOADED,HIGH
HE,NOT_DOWNLOADED,HIGH
ATXG,NOT_DOWNLOADED,HIGH
PLRZ,NOT_DOWNLOADED,HIGH
PERI,NOT_DOWNLOADED,HIGH
XFOR,NOT_DOWNLOADED,HIGH
SION,NOT_DOWNLOADED,HIGH
PLSE,NOT_DOWNLOADED,HIGH
SGHT,NOT_DOWNLOADED,HIGH
LNZA,NOT_DOWNLOADED,HIGH
AVR,NOT_DOWNLOADED,HIGH
ATXS,NOT_DOWNLOADED,HIGH
ATOS,NOT_DOWNLOADED,HIGH
JBDI,NOT_DOWNLOADED,HIGH
NGVC,NOT_DOWNLOADED,HIGH
NMTC,NOT_DOWNLOADED,HIGH
CYCU,NOT_DOWNLOADED,HIGH
ZUMZ,NOT_DOWNLOADED,HIGH
LGCL,NOT_DOWNLOADED,HIGH
ITRM,NOT_DOWNLOADED,HIGH
IDAI,NOT_DOWNLOADED,HIGH
BUUU,NOT_DOWNLOADED,HIGH
LILAK,NOT_DOWNLOADED,HIGH
MVBF,NOT_DOWNLOADED,HIGH
RVYL,NOT_DOWNLOADED,HIGH
PXLW,NOT_DOWNLOADED,HIGH
TSHA,NOT_DOWNLOADED,HIGH
BMGL,NOT_DOWNLOADED,HIGH
LCCC,NOT_DOWNLOADED,HIGH
TCPC,NOT_DOWNLOADED,HIGH
CNEY,NOT_DOWNLOADED,HIGH
CENN,NOT_DOWNLOADED,HIGH
GES,NOT_DOWNLOADED,HIGH
SFHG,NOT_DOWNLOADED,HIGH
AMWD,NOT_DOWNLOADED,HIGH
ZBAO,NOT_DOWNLOADED,HIGH
CHRS,NOT_DOWNLOADED,HIGH
CLPR,NOT_DOWNLOADED,HIGH
CRVO,NOT_DOWNLOADED,HIGH
SEMR,NOT_DOWNLOADED,HIGH
DUO,NOT_DOWNLOADED,HIGH
PFX,NOT_DOWNLOADED,HIGH
REX,NOT_DOWNLOADED,HIGH
HBT,NOT_DOWNLOADED,HIGH
FPI,NOT_DOWNLOADED,HIGH
TVGN,NOT_DOWNLOADED,HIGH
BTOG,NOT_DOWNLOADED,HIGH
GO,NOT_DOWNLOADED,HIGH
PX,NOT_DOWNLOADED,HIGH
WORX,NOT_DOWNLOADED,HIGH
LHSW,NOT_DOWNLOADED,HIGH
EWTX,NOT_DOWNLOADED,HIGH
DSGN,NOT_DOWNLOADED,HIGH
QNTM,NOT_DOWNLOADED,HIGH
ETHM,NOT_DOWNLOADED,HIGH
FTCI,NOT_DOWNLOADED,HIGH
AIV,NOT_DOWNLOADED,HIGH
PLPC,NOT_DOWNLOADED,HIGH
MCBS,NOT_DOWNLOADED,HIGH
TCBX,NOT_DOWNLOADED,HIGH
FCF,NOT_DOWNLOADED,HIGH
RBOT,NOT_DOWNLOADED,HIGH
PAYS,NOT_DOWNLOADED,HIGH
KAVL,NOT_DOWNLOADED,HIGH
GSHR,NOT_DOWNLOADED,HIGH
OSS,NOT_DOWNLOADED,HIGH
PFAI,NOT_DOWNLOADED,HIGH
OLPX,NOT_DOWNLOADED,HIGH
NAII,NOT_DOWNLOADED,HIGH
FNWD,NOT_DOWNLOADED,HIGH
EVC,NOT_DOWNLOADED,HIGH
ASPS,NOT_DOWNLOADED,HIGH
CABA,NOT_DOWNLOADED,HIGH
MFIN,NOT_DOWNLOADED,HIGH
IMPP,NOT_DOWNLOADED,HIGH
DIBS,NOT_DOWNLOADED,HIGH
KMTS,NOT_DOWNLOADED,HIGH
REFI,NOT_DOWNLOADED,HIGH
LPTH,NOT_DOWNLOADED,HIGH
STI,NOT_DOWNLOADED,HIGH
PSBD,NOT_DOWNLOADED,HIGH
EPRX,NOT_DOWNLOADED,HIGH
KIDZ,NOT_DOWNLOADED,HIGH
SHFS,NOT_DOWNLOADED,HIGH
DGICA,NOT_DOWNLOADED,HIGH
VTOL,NOT_DOWNLOADED,HIGH
WRLD,NOT_DOWNLOADED,HIGH
AORT,NOT_DOWNLOADED,HIGH
SELX,NOT_DOWNLOADED,HIGH
PC,NOT_DOWNLOADED,HIGH
RIGL,NOT_DOWNLOADED,HIGH
BRY,NOT_DOWNLOADED,HIGH
GABC,NOT_DOWNLOADED,HIGH
PCYO,NOT_DOWNLOADED,HIGH
DHT,NOT_DOWNLOADED,HIGH
PKE,NOT_DOWNLOADED,HIGH
RAYA,NOT_DOWNLOADED,HIGH
ETON,NOT_DOWNLOADED,HIGH
SMP,NOT_DOWNLOADED,HIGH
AFRI,NOT_DOWNLOADED,HIGH
BAER,NOT_DOWNLOADED,HIGH
CPSH,NOT_DOWNLOADED,HIGH
BHR,NOT_DOWNLOADED,HIGH
INVE,NOT_DOWNLOADED,HIGH
SAVA,NOT_DOWNLOADED,HIGH
LILA,NOT_DOWNLOADED,HIGH
SG,NOT_DOWNLOADED,HIGH
OPTX,NOT_DOWNLOADED,HIGH
INTS,NOT_DOWNLOADED,HIGH
PACS,NOT_DOWNLOADED,HIGH
TAOP,NOT_DOWNLOADED,HIGH
TISI,NOT_DOWNLOADED,HIGH
VTYX,NOT_DOWNLOADED,HIGH
OMDA,NOT_DOWNLOADED,HIGH
NERV,NOT_DOWNLOADED,HIGH
MIST,NOT_DOWNLOADED,HIGH
BBDC,NOT_DOWNLOADED,HIGH
KTCC,NOT_DOWNLOADED,HIGH
HXHX,NOT_DOWNLOADED,HIGH
WOOF,NOT_DOWNLOADED,HIGH
DARE,NOT_DOWNLOADED,HIGH
FMST,NOT_DOWNLOADED,HIGH
HONE,NOT_DOWNLOADED,HIGH
CEPO,NOT_DOWNLOADED,HIGH
ANVS,NOT_DOWNLOADED,HIGH
EDSA,NOT_DOWNLOADED,HIGH
DLX,NOT_DOWNLOADED,HIGH
BSRR,NOT_DOWNLOADED,HIGH
OLB,NOT_DOWNLOADED,HIGH
XPEL,NOT_DOWNLOADED,HIGH
WGRX,NOT_DOWNLOADED,HIGH
ABSI,NOT_DOWNLOADED,HIGH
CCEC,NOT_DOWNLOADED,HIGH
SITC,NOT_DOWNLOADED,HIGH
BCRX,NOT_DOWNLOADED,HIGH
AAMI,NOT_DOWNLOADED,HIGH
FRGT,NOT_DOWNLOADED,HIGH
EVER,NOT_DOWNLOADED,HIGH
NRXP,NOT_DOWNLOADED,HIGH
AZ,NOT_DOWNLOADED,HIGH
NODK,NOT_DOWNLOADED,HIGH
TE,NOT_DOWNLOADED,HIGH
NAMM,NOT_DOWNLOADED,HIGH
MCTR,NOT_DOWNLOADED,HIGH
ISBA,NOT_DOWNLOADED,HIGH
PROP,NOT_DOWNLOADED,HIGH
ANGH,NOT_DOWNLOADED,HIGH
WKC,NOT_DOWNLOADED,HIGH
CCG,NOT_DOWNLOADED,HIGH
RGR,NOT_DOWNLOADED,HIGH
CHCO,NOT_DOWNLOADED,HIGH
VRCA,NOT_DOWNLOADED,HIGH
SCNX,NOT_DOWNLOADED,HIGH
YGMZ,NOT_DOWNLOADED,HIGH
HCKT,NOT_DOWNLOADED,HIGH
CODX,NOT_DOWNLOADED,HIGH
DWTX,NOT_DOWNLOADED,HIGH
LIDR,NOT_DOWNLOADED,HIGH
ZIP,NOT_DOWNLOADED,HIGH
VCIG,NOT_DOWNLOADED,HIGH
NCPL,NOT_DOWNLOADED,HIGH
LKFN,NOT_DOWNLOADED,HIGH
KSS,NOT_DOWNLOADED,HIGH
HRZN,NOT_DOWNLOADED,HIGH
MEI,NOT_DOWNLOADED,HIGH
CHPT,NOT_DOWNLOADED,HIGH
QTTB,NOT_DOWNLOADED,HIGH
NABL,NOT_DOWNLOADED,HIGH
ELTK,NOT_DOWNLOADED,HIGH
WHWK,NOT_DOWNLOADED,HIGH
ORIQ,NOT_DOWNLOADED,HIGH
BAND,NOT_DOWNLOADED,HIGH
GBX,NOT_DOWNLOADED,HIGH
ONIT,NOT_DOWNLOADED,HIGH
WEAV,NOT_DOWNLOADED,HIGH
XHR,NOT_DOWNLOADED,HIGH
FUNC,NOT_DOWNLOADED,HIGH
REVB,NOT_DOWNLOADED,HIGH
PETZ,NOT_DOWNLOADED,HIGH
AEHR,NOT_DOWNLOADED,HIGH
MSB,NOT_DOWNLOADED,HIGH
LFVN,NOT_DOWNLOADED,HIGH
OVLY,NOT_DOWNLOADED,HIGH
OPXS,NOT_DOWNLOADED,HIGH
NOTV,NOT_DOWNLOADED,HIGH
OXM,NOT_DOWNLOADED,HIGH
PHIO,NOT_DOWNLOADED,HIGH
TIXT,NOT_DOWNLOADED,HIGH
ASC,NOT_DOWNLOADED,HIGH
EFC,NOT_DOWNLOADED,HIGH
ULY,NOT_DOWNLOADED,HIGH
NEGG,NOT_DOWNLOADED,HIGH
WIMI,NOT_DOWNLOADED,HIGH
AMRK,NOT_DOWNLOADED,HIGH
DEA,NOT_DOWNLOADED,HIGH
TNC,NOT_DOWNLOADED,HIGH
VRTS,NOT_DOWNLOADED,HIGH
MAX,NOT_DOWNLOADED,HIGH
MOFG,NOT_DOWNLOADED,HIGH
BIRD,NOT_DOWNLOADED,HIGH
RMBI,NOT_DOWNLOADED,HIGH
IINN,NOT_DOWNLOADED,HIGH
RVPH,NOT_DOWNLOADED,HIGH
NATR,NOT_DOWNLOADED,HIGH
NTB,NOT_DOWNLOADED,HIGH
ABUS,NOT_DOWNLOADED,HIGH
TGL,NOT_DOWNLOADED,HIGH
AFBI,NOT_DOWNLOADED,HIGH
SPWR,NOT_DOWNLOADED,HIGH
BCTX,NOT_DOWNLOADED,HIGH
VOXR,NOT_DOWNLOADED,HIGH
RSVR,NOT_DOWNLOADED,HIGH
ATEN,NOT_DOWNLOADED,HIGH
ELDN,NOT_DOWNLOADED,HIGH
IVP,NOT_DOWNLOADED,HIGH
USPH,NOT_DOWNLOADED,HIGH
ELTX,NOT_DOWNLOADED,HIGH
NSSC,NOT_DOWNLOADED,HIGH
JUNS,NOT_DOWNLOADED,HIGH
SFIX,NOT_DOWNLOADED,HIGH
NCT,NOT_DOWNLOADED,HIGH
REPL,NOT_DOWNLOADED,HIGH
RPAY,NOT_DOWNLOADED,HIGH
NEOV,NOT_DOWNLOADED,HIGH
BCAR,NOT_DOWNLOADED,HIGH
GLAD,NOT_DOWNLOADED,HIGH
RWT,NOT_DOWNLOADED,HIGH
TALO,NOT_DOWNLOADED,HIGH
PSTL,NOT_DOWNLOADED,HIGH
NVVE,NOT_DOWNLOADED,HIGH
MSGM,NOT_DOWNLOADED,HIGH
ACDC,NOT_DOWNLOADED,HIGH
KALV,NOT_DOWNLOADED,HIGH
IFRX,NOT_DOWNLOADED,HIGH
ARAI,NOT_DOWNLOADED,HIGH
FEBO,NOT_DOWNLOADED,HIGH
AARD,NOT_DOWNLOADED,HIGH
TOP,NOT_DOWNLOADED,HIGH
GT,NOT_DOWNLOADED,HIGH
SUNE,NOT_DOWNLOADED,HIGH
LENZ,NOT_DOWNLOADED,HIGH
ZD,NOT_DOWNLOADED,HIGH
EBS,NOT_DOWNLOADED,HIGH
WLAC,NOT_DOWNLOADED,HIGH
PBI,NOT_DOWNLOADED,HIGH
SDHY,NOT_DOWNLOADED,HIGH
ATLN,NOT_DOWNLOADED,HIGH
OI,NOT_DOWNLOADED,HIGH
ESEA,NOT_DOWNLOADED,HIGH
TERN,NOT_DOWNLOADED,HIGH
BNKK,NOT_DOWNLOADED,HIGH
AGEN,NOT_DOWNLOADED,HIGH
KRP,NOT_DOWNLOADED,HIGH
VYGR,NOT_DOWNLOADED,HIGH
TATT,NOT_DOWNLOADED,HIGH
RMAX,NOT_DOWNLOADED,HIGH
CLBK,NOT_DOWNLOADED,HIGH
GAUZ,NOT_DOWNLOADED,HIGH
INTJ,NOT_DOWNLOADED,HIGH
COSO,NOT_DOWNLOADED,HIGH
ASIC,NOT_DOWNLOADED,HIGH
FGMC,NOT_DOWNLOADED,HIGH
TITN,NOT_DOWNLOADED,HIGH
TLF,NOT_DOWNLOADED,HIGH
RTAC,NOT_DOWNLOADED,HIGH
SNDX,NOT_DOWNLOADED,HIGH
KODK,NOT_DOWNLOADED,HIGH
ZOOZ,NOT_DOWNLOADED,HIGH
CRT,NOT_DOWNLOADED,HIGH
AMPG,NOT_DOWNLOADED,HIGH
UTMD,NOT_DOWNLOADED,HIGH
FLGT,NOT_DOWNLOADED,HIGH
BBGI,NOT_DOWNLOADED,HIGH
CSAI,NOT_DOWNLOADED,HIGH
LEGH,NOT_DOWNLOADED,HIGH
HYMC,NOT_DOWNLOADED,HIGH
BARK,NOT_DOWNLOADED,HIGH
UAN,NOT_DOWNLOADED,HIGH
RVSN,NOT_DOWNLOADED,HIGH
GSIW,NOT_DOWNLOADED,HIGH
HUMA,NOT_DOWNLOADED,HIGH
GDEV,NOT_DOWNLOADED,HIGH
MOV,NOT_DOWNLOADED,HIGH
ASBP,NOT_DOWNLOADED,HIGH
GDRX,NOT_DOWNLOADED,HIGH
CCRD,NOT_DOWNLOADED,HIGH
EDIT,NOT_DOWNLOADED,HIGH
DYCQ,NOT_DOWNLOADED,HIGH
AXG,NOT_DOWNLOADED,HIGH
ARTV,NOT_DOWNLOADED,HIGH
KRMD,NOT_DOWNLOADED,HIGH
SCLX,NOT_DOWNLOADED,HIGH
TRS,NOT_DOWNLOADED,HIGH
BTCT,NOT_DOWNLOADED,HIGH
HERZ,NOT_DOWNLOADED,HIGH
SFWL,NOT_DOWNLOADED,HIGH
PXS,NOT_DOWNLOADED,HIGH
EBF,NOT_DOWNLOADED,HIGH
DWSN,NOT_DOWNLOADED,HIGH
DH,NOT_DOWNLOADED,HIGH
GRPN,NOT_DOWNLOADED,HIGH
KEQU,NOT_DOWNLOADED,HIGH
UCAR,NOT_DOWNLOADED,HIGH
BZH,NOT_DOWNLOADED,HIGH
QETA,NOT_DOWNLOADED,HIGH
PEW,NOT_DOWNLOADED,HIGH
AIRE,NOT_DOWNLOADED,HIGH
EAF,NOT_DOWNLOADED,HIGH
WNW,NOT_DOWNLOADED,HIGH
WILC,NOT_DOWNLOADED,HIGH
ESCA,NOT_DOWNLOADED,HIGH
MSIF,NOT_DOWNLOADED,HIGH
STRA,NOT_DOWNLOADED,HIGH
DAIO,NOT_DOWNLOADED,HIGH
LESL,NOT_DOWNLOADED,HIGH
ANGI,NOT_DOWNLOADED,HIGH
ASUR,NOT_DOWNLOADED,HIGH
MRBK,NOT_DOWNLOADED,HIGH
CURR,NOT_DOWNLOADED,HIGH
CXW,NOT_DOWNLOADED,HIGH
VABK,NOT_DOWNLOADED,HIGH
XAIR,NOT_DOWNLOADED,HIGH
MLAB,NOT_DOWNLOADED,HIGH
GTBP,NOT_DOWNLOADED,HIGH
TONX,NOT_DOWNLOADED,HIGH
ZBAI,NOT_DOWNLOADED,HIGH
FGNX,NOT_DOWNLOADED,HIGH
WSBF,NOT_DOWNLOADED,HIGH
OPRT,NOT_DOWNLOADED,HIGH
FLNG,NOT_DOWNLOADED,HIGH
VELO,NOT_DOWNLOADED,HIGH
MNDO,NOT_DOWNLOADED,HIGH
STEM,NOT_DOWNLOADED,HIGH
ITIC,NOT_DOWNLOADED,HIGH
BOXL,NOT_DOWNLOADED,HIGH
ATLO,NOT_DOWNLOADED,HIGH
HOVR,NOT_DOWNLOADED,HIGH
PNRG,NOT_DOWNLOADED,HIGH
FGBI,NOT_DOWNLOADED,HIGH
IBAC,NOT_DOWNLOADED,HIGH
NEXT,NOT_DOWNLOADED,HIGH
AMAL,NOT_DOWNLOADED,HIGH
PDCC,NOT_DOWNLOADED,HIGH
CADL,NOT_DOWNLOADED,HIGH
SKLZ,NOT_DOWNLOADED,HIGH
MX,NOT_DOWNLOADED,HIGH
BHST,NOT_DOWNLOADED,HIGH
ADAM,NOT_DOWNLOADED,HIGH
RILY,NOT_DOWNLOADED,HIGH
CHPG,NOT_DOWNLOADED,HIGH
ONTF,NOT_DOWNLOADED,HIGH
IOBT,NOT_DOWNLOADED,HIGH
PTLE,NOT_DOWNLOADED,HIGH
MLR,NOT_DOWNLOADED,HIGH
IMNM,NOT_DOWNLOADED,HIGH
ANPA,NOT_DOWNLOADED,HIGH
SVCC,NOT_DOWNLOADED,HIGH
SWBI,NOT_DOWNLOADED,HIGH
CLYM,NOT_DOWNLOADED,HIGH
GUTS,NOT_DOWNLOADED,HIGH
SGLY,NOT_DOWNLOADED,HIGH
LEXX,NOT_DOWNLOADED,HIGH
LEG,NOT_DOWNLOADED,HIGH
NPKI,NOT_DOWNLOADED,HIGH
BSBK,NOT_DOWNLOADED,HIGH
JLHL,NOT_DOWNLOADED,HIGH
ORC,NOT_DOWNLOADED,HIGH
WHLR,NOT_DOWNLOADED,HIGH
WYFI,NOT_DOWNLOADED,HIGH
GLIBA,NOT_DOWNLOADED,HIGH
LNN,NOT_DOWNLOADED,HIGH
BDSX,NOT_DOWNLOADED,HIGH
OUST,NOT_DOWNLOADED,HIGH
BMBL,NOT_DOWNLOADED,HIGH
GRC,NOT_DOWNLOADED,HIGH
HQI,NOT_DOWNLOADED,HIGH
DRDB,NOT_DOWNLOADED,HIGH
NYXH,NOT_DOWNLOADED,HIGH
FFAI,NOT_DOWNLOADED,HIGH
SAFX,NOT_DOWNLOADED,HIGH
BLBX,NOT_DOWNLOADED,HIGH
APRE,NOT_DOWNLOADED,HIGH
SOHU,NOT_DOWNLOADED,HIGH
MLCI,NOT_DOWNLOADED,HIGH
CGO,NOT_DOWNLOADED,HIGH
LANV,NOT_DOWNLOADED,HIGH
NYC,NOT_DOWNLOADED,HIGH
FTLF,NOT_DOWNLOADED,HIGH
ESRT,NOT_DOWNLOADED,HIGH
LZB,NOT_DOWNLOADED,HIGH
CMPR,NOT_DOWNLOADED,HIGH
TAVI,NOT_DOWNLOADED,HIGH
BNRG,NOT_DOWNLOADED,HIGH
DRMA,NOT_DOWNLOADED,HIGH
ACCL,NOT_DOWNLOADED,HIGH
NXTT,NOT_DOWNLOADED,HIGH
CRI,NOT_DOWNLOADED,HIGH
GTI,NOT_DOWNLOADED,HIGH
DCBO,NOT_DOWNLOADED,HIGH
ELOG,NOT_DOWNLOADED,HIGH
PINE,NOT_DOWNLOADED,HIGH
VOR,NOT_DOWNLOADED,HIGH
WABC,NOT_DOWNLOADED,HIGH
BXC,NOT_DOWNLOADED,HIGH
HVMC,NOT_DOWNLOADED,HIGH
ERNA,NOT_DOWNLOADED,HIGH
PRCT,NOT_DOWNLOADED,HIGH
LB,NOT_DOWNLOADED,HIGH
KPTI,NOT_DOWNLOADED,HIGH
NMG,NOT_DOWNLOADED,HIGH
RRBI,NOT_DOWNLOADED,HIGH
SLDP,NOT_DOWNLOADED,HIGH
BEEP,NOT_DOWNLOADED,HIGH
IVF,NOT_DOWNLOADED,HIGH
TLIH,NOT_DOWNLOADED,HIGH
MAMK,NOT_DOWNLOADED,HIGH
OMER,NOT_DOWNLOADED,HIGH
QNST,NOT_DOWNLOADED,HIGH
OTLK,NOT_DOWNLOADED,HIGH
INVZ,NOT_DOWNLOADED,HIGH
CLIR,NOT_DOWNLOADED,HIGH
AACI,NOT_DOWNLOADED,HIGH
LINK,NOT_DOWNLOADED,HIGH
MDCX,NOT_DOWNLOADED,HIGH
JYNT,NOT_DOWNLOADED,HIGH
WLYB,NOT_DOWNLOADED,HIGH
ATRC,NOT_DOWNLOADED,HIGH
REFR,NOT_DOWNLOADED,HIGH
TWI,NOT_DOWNLOADED,HIGH
ELPW,NOT_DOWNLOADED,HIGH
NOEM,NOT_DOWNLOADED,HIGH
HAIN,NOT_DOWNLOADED,HIGH
UVE,NOT_DOWNLOADED,HIGH
CIIT,NOT_DOWNLOADED,HIGH
HKPD,NOT_DOWNLOADED,HIGH
CBFV,NOT_DOWNLOADED,HIGH
INGN,NOT_DOWNLOADED,HIGH
XERS,NOT_DOWNLOADED,HIGH
TSAT,NOT_DOWNLOADED,HIGH
ONL,NOT_DOWNLOADED,HIGH
RVSB,NOT_DOWNLOADED,HIGH
WLDS,NOT_DOWNLOADED,HIGH
MNOV,NOT_DOWNLOADED,HIGH
CYH,NOT_DOWNLOADED,HIGH
CAPT,NOT_DOWNLOADED,HIGH
PLUS,NOT_DOWNLOADED,HIGH
EMBC,NOT_DOWNLOADED,HIGH
CABO,NOT_DOWNLOADED,HIGH
TPST,NOT_DOWNLOADED,HIGH
SIMA,NOT_DOWNLOADED,HIGH
HCAI,NOT_DOWNLOADED,HIGH
TWFG,NOT_DOWNLOADED,HIGH
ACNT,NOT_DOWNLOADED,HIGH
CNDT,NOT_DOWNLOADED,HIGH
SNSE,NOT_DOWNLOADED,HIGH
HTCR,NOT_DOWNLOADED,HIGH
LFT,NOT_DOWNLOADED,HIGH
LPTX,NOT_DOWNLOADED,HIGH
OLMA,NOT_DOWNLOADED,HIGH
UNTY,NOT_DOWNLOADED,HIGH
VITL,NOT_DOWNLOADED,HIGH
CIM,NOT_DOWNLOADED,HIGH
GROW,NOT_DOWNLOADED,HIGH
KE,NOT_DOWNLOADED,HIGH
RLYB,NOT_DOWNLOADED,HIGH
BOLT,NOT_DOWNLOADED,HIGH
ZURA,NOT_DOWNLOADED,HIGH
ARTW,NOT_DOWNLOADED,HIGH
PRSO,NOT_DOWNLOADED,HIGH
TEN,NOT_DOWNLOADED,HIGH
CVAC,NOT_DOWNLOADED,HIGH
WKHS,NOT_DOWNLOADED,HIGH
BTMD,NOT_DOWNLOADED,HIGH
LINC,NOT_DOWNLOADED,HIGH
NLSP,NOT_DOWNLOADED,HIGH
IMCC,NOT_DOWNLOADED,HIGH
ENTX,NOT_DOWNLOADED,HIGH
BBLG,NOT_DOWNLOADED,HIGH
TVA,NOT_DOWNLOADED,HIGH
ASMB,NOT_DOWNLOADED,HIGH
NL,NOT_DOWNLOADED,HIGH
PBM,NOT_DOWNLOADED,HIGH
EDRY,NOT_DOWNLOADED,HIGH
BOSC,NOT_DOWNLOADED,HIGH
STKS,NOT_DOWNLOADED,HIGH
EHTH,NOT_DOWNLOADED,HIGH
PRPO,NOT_DOWNLOADED,HIGH
NPB,NOT_DOWNLOADED,HIGH
EFOI,NOT_DOWNLOADED,HIGH
GHRS,NOT_DOWNLOADED,HIGH
XPER,NOT_DOWNLOADED,HIGH
SPAI,NOT_DOWNLOADED,HIGH
GREE,NOT_DOWNLOADED,HIGH
BKKT,NOT_DOWNLOADED,HIGH
MAAS,NOT_DOWNLOADED,HIGH
SBFM,NOT_DOWNLOADED,HIGH
ZENV,NOT_DOWNLOADED,HIGH
SOND,NOT_DOWNLOADED,HIGH
HWH,NOT_DOWNLOADED,HIGH
ZENA,NOT_DOWNLOADED,HIGH
IMDX,NOT_DOWNLOADED,HIGH
VTSI,NOT_DOWNLOADED,HIGH
CHI,NOT_DOWNLOADED,HIGH
LMB,NOT_DOWNLOADED,HIGH
QIPT,NOT_DOWNLOADED,HIGH
BBBY,NOT_DOWNLOADED,HIGH
ENTA,NOT_DOWNLOADED,HIGH
CCBG,NOT_DOWNLOADED,HIGH
ISPO,NOT_DOWNLOADED,HIGH
SCSC,NOT_DOWNLOADED,HIGH
SOPA,NOT_DOWNLOADED,HIGH
POWW,NOT_DOWNLOADED,HIGH
ABVE,NOT_DOWNLOADED,HIGH
SBC,NOT_DOWNLOADED,HIGH
MCFT,NOT_DOWNLOADED,HIGH
BTBT,NOT_DOWNLOADED,HIGH
HRTX,NOT_DOWNLOADED,HIGH
TBCH,NOT_DOWNLOADED,HIGH
WAFU,NOT_DOWNLOADED,HIGH
IPWR,NOT_DOWNLOADED,HIGH
NXRT,NOT_DOWNLOADED,HIGH
GNSS,NOT_DOWNLOADED,HIGH
SCVL,NOT_DOWNLOADED,HIGH
ABP,NOT_DOWNLOADED,HIGH
KFII,NOT_DOWNLOADED,HIGH
BOC,NOT_DOWNLOADED,HIGH
ADEA,NOT_DOWNLOADED,HIGH
STEX,NOT_DOWNLOADED,HIGH
SGD,NOT_DOWNLOADED,HIGH
PNTG,NOT_DOWNLOADED,HIGH
GOCO,NOT_DOWNLOADED,HIGH
AHCO,NOT_DOWNLOADED,HIGH
NCI,CORRUPT_FILES,HIGH
IPI,CORRUPT_FILES,HIGH
LIND,CORRUPT_FILES,HIGH
PETS,CORRUPT_FILES,HIGH
